# Blender 5.2.1 LTS
# www.blender.org
mtllib avion_texturizado.mtl
o avion
v 0.120000 0.420000 -3.200000
v 0.118770 0.454100 -3.200000
v 0.115090 0.480130 -3.200000
v 0.109000 0.502860 -3.200000
v 0.100570 0.522750 -3.200000
v 0.089900 0.539860 -3.200000
v 0.077070 0.554100 -3.200000
v 0.062140 0.565330 -3.200000
v 0.045100 0.573450 -3.200000
v 0.025570 0.578360 -3.200000
v 0.000000 0.580000 -3.200000
v -0.025570 0.578360 -3.200000
v -0.045100 0.573450 -3.200000
v -0.062140 0.565330 -3.200000
v -0.077070 0.554100 -3.200000
v -0.089900 0.539860 -3.200000
v -0.100570 0.522750 -3.200000
v -0.109000 0.502860 -3.200000
v -0.115090 0.480130 -3.200000
v -0.118770 0.454100 -3.200000
v -0.120000 0.420000 -3.200000
v -0.118770 0.385900 -3.200000
v -0.115090 0.359870 -3.200000
v -0.109000 0.337140 -3.200000
v -0.100570 0.317250 -3.200000
v -0.089900 0.300140 -3.200000
v -0.077070 0.285900 -3.200000
v -0.062140 0.274670 -3.200000
v -0.045100 0.266550 -3.200000
v -0.025570 0.261640 -3.200000
v 0.000000 0.260000 -3.200000
v 0.025570 0.261640 -3.200000
v 0.045100 0.266550 -3.200000
v 0.062140 0.274670 -3.200000
v 0.077070 0.285900 -3.200000
v 0.089900 0.300140 -3.200000
v 0.100570 0.317250 -3.200000
v 0.109000 0.337140 -3.200000
v 0.115090 0.359870 -3.200000
v 0.118770 0.385900 -3.200000
v 0.270000 0.330000 -2.600000
v 0.267230 0.400330 -2.600000
v 0.258940 0.454020 -2.600000
v 0.245240 0.500890 -2.600000
v 0.226290 0.541930 -2.600000
v 0.202270 0.577220 -2.600000
v 0.173400 0.606570 -2.600000
v 0.139820 0.629740 -2.600000
v 0.101470 0.646480 -2.600000
v 0.057540 0.656610 -2.600000
v 0.000000 0.660000 -2.600000
v -0.057540 0.656610 -2.600000
v -0.101470 0.646480 -2.600000
v -0.139820 0.629740 -2.600000
v -0.173400 0.606570 -2.600000
v -0.202270 0.577220 -2.600000
v -0.226290 0.541930 -2.600000
v -0.245240 0.500890 -2.600000
v -0.258940 0.454020 -2.600000
v -0.267230 0.400330 -2.600000
v -0.270000 0.330000 -2.600000
v -0.267230 0.259670 -2.600000
v -0.258940 0.205980 -2.600000
v -0.245240 0.159110 -2.600000
v -0.226290 0.118070 -2.600000
v -0.202270 0.082780 -2.600000
v -0.173400 0.053430 -2.600000
v -0.139820 0.030260 -2.600000
v -0.101470 0.013520 -2.600000
v -0.057540 0.003390 -2.600000
v 0.000000 -0.000000 -2.600000
v 0.057540 0.003390 -2.600000
v 0.101470 0.013520 -2.600000
v 0.139820 0.030260 -2.600000
v 0.173400 0.053430 -2.600000
v 0.202270 0.082780 -2.600000
v 0.226290 0.118070 -2.600000
v 0.245240 0.159110 -2.600000
v 0.258940 0.205980 -2.600000
v 0.267230 0.259670 -2.600000
v 0.470000 0.200000 -1.800000
v 0.465170 0.317210 -1.800000
v 0.450750 0.406700 -1.800000
v 0.426910 0.484820 -1.800000
v 0.393910 0.553220 -1.800000
v 0.352100 0.612030 -1.800000
v 0.301840 0.660960 -1.800000
v 0.243390 0.699570 -1.800000
v 0.176640 0.727470 -1.800000
v 0.100160 0.744350 -1.800000
v 0.000000 0.750000 -1.800000
v -0.100160 0.744350 -1.800000
v -0.176640 0.727470 -1.800000
v -0.243390 0.699570 -1.800000
v -0.301840 0.660960 -1.800000
v -0.352100 0.612030 -1.800000
v -0.393910 0.553220 -1.800000
v -0.426910 0.484820 -1.800000
v -0.450750 0.406700 -1.800000
v -0.465170 0.317210 -1.800000
v -0.470000 0.200000 -1.800000
v -0.465170 0.082790 -1.800000
v -0.450750 -0.006700 -1.800000
v -0.426910 -0.084820 -1.800000
v -0.393910 -0.153220 -1.800000
v -0.352100 -0.212030 -1.800000
v -0.301840 -0.260960 -1.800000
v -0.243390 -0.299570 -1.800000
v -0.176640 -0.327470 -1.800000
v -0.100160 -0.344350 -1.800000
v 0.000000 -0.350000 -1.800000
v 0.100160 -0.344350 -1.800000
v 0.176640 -0.327470 -1.800000
v 0.243390 -0.299570 -1.800000
v 0.301840 -0.260960 -1.800000
v 0.352100 -0.212030 -1.800000
v 0.393910 -0.153220 -1.800000
v 0.426910 -0.084820 -1.800000
v 0.450750 -0.006700 -1.800000
v 0.465170 0.082790 -1.800000
v 0.670000 0.080000 -0.900000
v 0.663120 0.239830 -0.900000
v 0.642560 0.361870 -0.900000
v 0.608570 0.468390 -0.900000
v 0.561530 0.561660 -0.900000
v 0.501930 0.641870 -0.900000
v 0.430290 0.708580 -0.900000
v 0.346960 0.761230 -0.900000
v 0.251800 0.799280 -0.900000
v 0.142790 0.822300 -0.900000
v 0.000000 0.830000 -0.900000
v -0.142790 0.822300 -0.900000
v -0.251800 0.799280 -0.900000
v -0.346960 0.761230 -0.900000
v -0.430290 0.708580 -0.900000
v -0.501930 0.641870 -0.900000
v -0.561530 0.561660 -0.900000
v -0.608570 0.468390 -0.900000
v -0.642560 0.361870 -0.900000
v -0.663120 0.239830 -0.900000
v -0.670000 0.080000 -0.900000
v -0.663120 -0.079830 -0.900000
v -0.642560 -0.201870 -0.900000
v -0.608570 -0.308390 -0.900000
v -0.561530 -0.401660 -0.900000
v -0.501930 -0.481870 -0.900000
v -0.430290 -0.548580 -0.900000
v -0.346960 -0.601230 -0.900000
v -0.251800 -0.639280 -0.900000
v -0.142790 -0.662300 -0.900000
v 0.000000 -0.670000 -0.900000
v 0.142790 -0.662300 -0.900000
v 0.251800 -0.639280 -0.900000
v 0.346960 -0.601230 -0.900000
v 0.430290 -0.548580 -0.900000
v 0.501930 -0.481870 -0.900000
v 0.561530 -0.401660 -0.900000
v 0.608570 -0.308390 -0.900000
v 0.642560 -0.201870 -0.900000
v 0.663120 -0.079830 -0.900000
v 0.800000 0.020000 -0.000000
v 0.791780 0.203280 -0.000000
v 0.767240 0.343210 -0.000000
v 0.726650 0.465350 -0.000000
v 0.670480 0.572310 -0.000000
v 0.599320 0.664270 -0.000000
v 0.513770 0.740770 -0.000000
v 0.414280 0.801150 -0.000000
v 0.300660 0.844780 -0.000000
v 0.170490 0.871170 -0.000000
v 0.000000 0.880000 -0.000000
v -0.170490 0.871170 -0.000000
v -0.300660 0.844780 -0.000000
v -0.414280 0.801150 -0.000000
v -0.513770 0.740770 -0.000000
v -0.599320 0.664270 -0.000000
v -0.670480 0.572310 -0.000000
v -0.726650 0.465350 -0.000000
v -0.767240 0.343210 -0.000000
v -0.791780 0.203280 -0.000000
v -0.800000 0.020000 -0.000000
v -0.791780 -0.163280 0.000000
v -0.767240 -0.303210 0.000000
v -0.726650 -0.425350 0.000000
v -0.670480 -0.532310 0.000000
v -0.599320 -0.624270 0.000000
v -0.513770 -0.700770 0.000000
v -0.414280 -0.761150 0.000000
v -0.300660 -0.804780 0.000000
v -0.170490 -0.831170 0.000000
v 0.000000 -0.840000 0.000000
v 0.170490 -0.831170 0.000000
v 0.300660 -0.804780 0.000000
v 0.414280 -0.761150 0.000000
v 0.513770 -0.700770 0.000000
v 0.599320 -0.624270 0.000000
v 0.670480 -0.532310 0.000000
v 0.726650 -0.425350 0.000000
v 0.767240 -0.303210 0.000000
v 0.791780 -0.163280 0.000000
v 0.860000 0.000000 0.900000
v 0.851170 0.191800 0.900000
v 0.824780 0.338240 0.900000
v 0.781150 0.466070 0.900000
v 0.720770 0.578000 0.900000
v 0.644270 0.674240 0.900000
v 0.552310 0.754290 0.900000
v 0.445350 0.817480 0.900000
v 0.323210 0.863140 0.900000
v 0.183280 0.890760 0.900000
v 0.000000 0.900000 0.900000
v -0.183280 0.890760 0.900000
v -0.323210 0.863140 0.900000
v -0.445350 0.817480 0.900000
v -0.552310 0.754290 0.900000
v -0.644270 0.674240 0.900000
v -0.720770 0.578000 0.900000
v -0.781150 0.466070 0.900000
v -0.824780 0.338240 0.900000
v -0.851170 0.191800 0.900000
v -0.860000 0.000000 0.900000
v -0.851170 -0.191800 0.900000
v -0.824780 -0.338240 0.900000
v -0.781150 -0.466070 0.900000
v -0.720770 -0.578000 0.900000
v -0.644270 -0.674240 0.900000
v -0.552310 -0.754290 0.900000
v -0.445350 -0.817480 0.900000
v -0.323210 -0.863140 0.900000
v -0.183280 -0.890760 0.900000
v 0.000000 -0.900000 0.900000
v 0.183280 -0.890760 0.900000
v 0.323210 -0.863140 0.900000
v 0.445350 -0.817480 0.900000
v 0.552310 -0.754290 0.900000
v 0.644270 -0.674240 0.900000
v 0.720770 -0.578000 0.900000
v 0.781150 -0.466070 0.900000
v 0.824780 -0.338240 0.900000
v 0.851170 -0.191800 0.900000
v 0.860000 0.000000 1.600000
v 0.851170 0.187540 1.600000
v 0.824780 0.330730 1.600000
v 0.781150 0.455710 1.600000
v 0.720770 0.565150 1.600000
v 0.644270 0.659260 1.600000
v 0.552310 0.737530 1.600000
v 0.445350 0.799310 1.600000
v 0.323210 0.843960 1.600000
v 0.183280 0.870960 1.600000
v 0.000000 0.880000 1.600000
v -0.183280 0.870960 1.600000
v -0.323210 0.843960 1.600000
v -0.445350 0.799310 1.600000
v -0.552310 0.737530 1.600000
v -0.644270 0.659260 1.600000
v -0.720770 0.565150 1.600000
v -0.781150 0.455710 1.600000
v -0.824780 0.330730 1.600000
v -0.851170 0.187540 1.600000
v -0.860000 0.000000 1.600000
v -0.851170 -0.187540 1.600000
v -0.824780 -0.330730 1.600000
v -0.781150 -0.455710 1.600000
v -0.720770 -0.565150 1.600000
v -0.644270 -0.659260 1.600000
v -0.552310 -0.737530 1.600000
v -0.445350 -0.799310 1.600000
v -0.323210 -0.843960 1.600000
v -0.183280 -0.870960 1.600000
v 0.000000 -0.880000 1.600000
v 0.183280 -0.870960 1.600000
v 0.323210 -0.843960 1.600000
v 0.445350 -0.799310 1.600000
v 0.552310 -0.737530 1.600000
v 0.644270 -0.659260 1.600000
v 0.720770 -0.565150 1.600000
v 0.781150 -0.455710 1.600000
v 0.824780 -0.330730 1.600000
v 0.851170 -0.187540 1.600000
v 0.820000 0.000000 2.050000
v 0.811580 0.174750 2.050000
v 0.786420 0.308180 2.050000
v 0.744810 0.424640 2.050000
v 0.687250 0.526620 2.050000
v 0.614310 0.614310 2.050000
v 0.526620 0.687250 2.050000
v 0.424640 0.744810 2.050000
v 0.308180 0.786420 2.050000
v 0.174750 0.811580 2.050000
v 0.000000 0.820000 2.050000
v -0.174750 0.811580 2.050000
v -0.308180 0.786420 2.050000
v -0.424640 0.744810 2.050000
v -0.526620 0.687250 2.050000
v -0.614310 0.614310 2.050000
v -0.687250 0.526620 2.050000
v -0.744810 0.424640 2.050000
v -0.786420 0.308180 2.050000
v -0.811580 0.174750 2.050000
v -0.820000 0.000000 2.050000
v -0.811580 -0.174750 2.050000
v -0.786420 -0.308180 2.050000
v -0.744810 -0.424640 2.050000
v -0.687250 -0.526620 2.050000
v -0.614310 -0.614310 2.050000
v -0.526620 -0.687250 2.050000
v -0.424640 -0.744810 2.050000
v -0.308180 -0.786420 2.050000
v -0.174750 -0.811580 2.050000
v 0.000000 -0.820000 2.050000
v 0.174750 -0.811580 2.050000
v 0.308180 -0.786420 2.050000
v 0.424640 -0.744810 2.050000
v 0.526620 -0.687250 2.050000
v 0.614310 -0.614310 2.050000
v 0.687250 -0.526620 2.050000
v 0.744810 -0.424640 2.050000
v 0.786420 -0.308180 2.050000
v 0.811580 -0.174750 2.050000
v 0.760000 0.000000 2.320000
v 0.752190 0.161970 2.320000
v 0.728870 0.285630 2.320000
v 0.690320 0.393570 2.320000
v 0.636960 0.488090 2.320000
v 0.569360 0.569360 2.320000
v 0.488090 0.636960 2.320000
v 0.393570 0.690320 2.320000
v 0.285630 0.728870 2.320000
v 0.161970 0.752190 2.320000
v 0.000000 0.760000 2.320000
v -0.161970 0.752190 2.320000
v -0.285630 0.728870 2.320000
v -0.393570 0.690320 2.320000
v -0.488090 0.636960 2.320000
v -0.569360 0.569360 2.320000
v -0.636960 0.488090 2.320000
v -0.690320 0.393570 2.320000
v -0.728870 0.285630 2.320000
v -0.752190 0.161970 2.320000
v -0.760000 0.000000 2.320000
v -0.752190 -0.161970 2.320000
v -0.728870 -0.285630 2.320000
v -0.690320 -0.393570 2.320000
v -0.636960 -0.488090 2.320000
v -0.569360 -0.569360 2.320000
v -0.488090 -0.636960 2.320000
v -0.393570 -0.690320 2.320000
v -0.285630 -0.728870 2.320000
v -0.161970 -0.752190 2.320000
v 0.000000 -0.760000 2.320000
v 0.161970 -0.752190 2.320000
v 0.285630 -0.728870 2.320000
v 0.393570 -0.690320 2.320000
v 0.488090 -0.636960 2.320000
v 0.569360 -0.569360 2.320000
v 0.636960 -0.488090 2.320000
v 0.690320 -0.393570 2.320000
v 0.728870 -0.285630 2.320000
v 0.752190 -0.161970 2.320000
v 0.630000 0.000000 2.500000
v 0.623530 0.134260 2.500000
v 0.604200 0.236770 2.500000
v 0.572240 0.326250 2.500000
v 0.528010 0.404600 2.500000
v 0.471970 0.471970 2.500000
v 0.404600 0.528010 2.500000
v 0.326250 0.572240 2.500000
v 0.236770 0.604200 2.500000
v 0.134260 0.623530 2.500000
v 0.000000 0.630000 2.500000
v -0.134260 0.623530 2.500000
v -0.236770 0.604200 2.500000
v -0.326250 0.572240 2.500000
v -0.404600 0.528010 2.500000
v -0.471970 0.471970 2.500000
v -0.528010 0.404600 2.500000
v -0.572240 0.326250 2.500000
v -0.604200 0.236770 2.500000
v -0.623530 0.134260 2.500000
v -0.630000 0.000000 2.500000
v -0.623530 -0.134260 2.500000
v -0.604200 -0.236770 2.500000
v -0.572240 -0.326250 2.500000
v -0.528010 -0.404600 2.500000
v -0.471970 -0.471970 2.500000
v -0.404600 -0.528010 2.500000
v -0.326250 -0.572240 2.500000
v -0.236770 -0.604200 2.500000
v -0.134260 -0.623530 2.500000
v 0.000000 -0.630000 2.500000
v 0.134260 -0.623530 2.500000
v 0.236770 -0.604200 2.500000
v 0.326250 -0.572240 2.500000
v 0.404600 -0.528010 2.500000
v 0.471970 -0.471970 2.500000
v 0.528010 -0.404600 2.500000
v 0.572240 -0.326250 2.500000
v 0.604200 -0.236770 2.500000
v 0.623530 -0.134260 2.500000
v 0.440000 0.000000 2.620000
v 0.435480 0.093770 2.620000
v 0.421980 0.165360 2.620000
v 0.399660 0.227850 2.620000
v 0.368770 0.282580 2.620000
v 0.329630 0.329630 2.620000
v 0.282580 0.368770 2.620000
v 0.227850 0.399660 2.620000
v 0.165360 0.421980 2.620000
v 0.093770 0.435480 2.620000
v 0.000000 0.440000 2.620000
v -0.093770 0.435480 2.620000
v -0.165360 0.421980 2.620000
v -0.227850 0.399660 2.620000
v -0.282580 0.368770 2.620000
v -0.329630 0.329630 2.620000
v -0.368770 0.282580 2.620000
v -0.399660 0.227850 2.620000
v -0.421980 0.165360 2.620000
v -0.435480 0.093770 2.620000
v -0.440000 0.000000 2.620000
v -0.435480 -0.093770 2.620000
v -0.421980 -0.165360 2.620000
v -0.399660 -0.227850 2.620000
v -0.368770 -0.282580 2.620000
v -0.329630 -0.329630 2.620000
v -0.282580 -0.368770 2.620000
v -0.227850 -0.399660 2.620000
v -0.165360 -0.421980 2.620000
v -0.093770 -0.435480 2.620000
v 0.000000 -0.440000 2.620000
v 0.093770 -0.435480 2.620000
v 0.165360 -0.421980 2.620000
v 0.227850 -0.399660 2.620000
v 0.282580 -0.368770 2.620000
v 0.329630 -0.329630 2.620000
v 0.368770 -0.282580 2.620000
v 0.399660 -0.227850 2.620000
v 0.421980 -0.165360 2.620000
v 0.435480 -0.093770 2.620000
v 0.220000 0.000000 2.690000
v 0.217740 0.046880 2.690000
v 0.210990 0.082680 2.690000
v 0.199830 0.113930 2.690000
v 0.184380 0.141290 2.690000
v 0.164810 0.164810 2.690000
v 0.141290 0.184380 2.690000
v 0.113930 0.199830 2.690000
v 0.082680 0.210990 2.690000
v 0.046880 0.217740 2.690000
v 0.000000 0.220000 2.690000
v -0.046880 0.217740 2.690000
v -0.082680 0.210990 2.690000
v -0.113930 0.199830 2.690000
v -0.141290 0.184380 2.690000
v -0.164810 0.164810 2.690000
v -0.184380 0.141290 2.690000
v -0.199830 0.113930 2.690000
v -0.210990 0.082680 2.690000
v -0.217740 0.046880 2.690000
v -0.220000 0.000000 2.690000
v -0.217740 -0.046880 2.690000
v -0.210990 -0.082680 2.690000
v -0.199830 -0.113930 2.690000
v -0.184380 -0.141290 2.690000
v -0.164810 -0.164810 2.690000
v -0.141290 -0.184380 2.690000
v -0.113930 -0.199830 2.690000
v -0.082680 -0.210990 2.690000
v -0.046880 -0.217740 2.690000
v 0.000000 -0.220000 2.690000
v 0.046880 -0.217740 2.690000
v 0.082680 -0.210990 2.690000
v 0.113930 -0.199830 2.690000
v 0.141290 -0.184380 2.690000
v 0.164810 -0.164810 2.690000
v 0.184380 -0.141290 2.690000
v 0.199830 -0.113930 2.690000
v 0.210990 -0.082680 2.690000
v 0.217740 -0.046880 2.690000
v 0.000000 0.000000 2.710000
v 0.000000 0.420000 -3.240000
v 0.280000 0.550000 -0.400000
v 0.278160 0.612650 -0.400000
v 0.272630 0.656070 -0.400000
v 0.263460 0.693290 -0.400000
v 0.250670 0.726020 -0.400000
v 0.234330 0.754790 -0.400000
v 0.214480 0.779790 -0.400000
v 0.191140 0.801070 -0.400000
v 0.164280 0.818580 -0.400000
v 0.133740 0.832270 -0.400000
v 0.099000 0.842110 -0.400000
v 0.058470 0.848020 -0.400000
v 0.000000 0.850000 -0.400000
v -0.058470 0.848020 -0.400000
v -0.099000 0.842110 -0.400000
v -0.133740 0.832270 -0.400000
v -0.164280 0.818580 -0.400000
v -0.191140 0.801070 -0.400000
v -0.214480 0.779790 -0.400000
v -0.234330 0.754790 -0.400000
v -0.250670 0.726020 -0.400000
v -0.263460 0.693290 -0.400000
v -0.272630 0.656070 -0.400000
v -0.278160 0.612650 -0.400000
v -0.280000 0.550000 -0.400000
v 0.500000 0.550000 -0.000000
v 0.496710 0.679470 -0.000000
v 0.486840 0.769200 -0.000000
v 0.470460 0.846140 -0.000000
v 0.447630 0.913770 -0.000000
v 0.418440 0.973240 -0.000000
v 0.382990 1.024910 -0.000000
v 0.341320 1.068870 -0.000000
v 0.293370 1.105060 -0.000000
v 0.238820 1.133370 -0.000000
v 0.176780 1.153680 -0.000000
v 0.104410 1.165920 -0.000000
v 0.000000 1.170000 -0.000000
v -0.104410 1.165920 -0.000000
v -0.176780 1.153680 -0.000000
v -0.238820 1.133370 -0.000000
v -0.293370 1.105060 -0.000000
v -0.341320 1.068870 -0.000000
v -0.382990 1.024910 -0.000000
v -0.418440 0.973240 -0.000000
v -0.447630 0.913770 -0.000000
v -0.470460 0.846140 -0.000000
v -0.486840 0.769200 -0.000000
v -0.496710 0.679470 -0.000000
v -0.500000 0.550000 -0.000000
v 0.600000 0.550000 0.400000
v 0.596050 0.712880 0.400000
v 0.584210 0.825770 0.400000
v 0.564550 0.922560 0.400000
v 0.537150 1.007650 0.400000
v 0.502130 1.082460 0.400000
v 0.459590 1.147470 0.400000
v 0.409580 1.202770 0.400000
v 0.352040 1.248300 0.400000
v 0.286590 1.283910 0.400000
v 0.212130 1.309470 0.400000
v 0.125290 1.324860 0.400000
v 0.000000 1.330000 0.400000
v -0.125290 1.324860 0.400000
v -0.212130 1.309470 0.400000
v -0.286590 1.283910 0.400000
v -0.352040 1.248300 0.400000
v -0.409580 1.202770 0.400000
v -0.459590 1.147470 0.400000
v -0.502130 1.082460 0.400000
v -0.537150 1.007650 0.400000
v -0.564550 0.922560 0.400000
v -0.584210 0.825770 0.400000
v -0.596050 0.712880 0.400000
v -0.600000 0.550000 0.400000
v 0.620000 0.550000 0.700000
v 0.615920 0.717050 0.700000
v 0.603680 0.832850 0.700000
v 0.583370 0.932120 0.700000
v 0.555060 1.019380 0.700000
v 0.518870 1.096110 0.700000
v 0.474910 1.162790 0.700000
v 0.423240 1.219510 0.700000
v 0.363770 1.266200 0.700000
v 0.296140 1.302730 0.700000
v 0.219200 1.328950 0.700000
v 0.129470 1.344730 0.700000
v 0.000000 1.350000 0.700000
v -0.129470 1.344730 0.700000
v -0.219200 1.328950 0.700000
v -0.296140 1.302730 0.700000
v -0.363770 1.266200 0.700000
v -0.423240 1.219510 0.700000
v -0.474910 1.162790 0.700000
v -0.518870 1.096110 0.700000
v -0.555060 1.019380 0.700000
v -0.583370 0.932120 0.700000
v -0.603680 0.832850 0.700000
v -0.615920 0.717050 0.700000
v -0.620000 0.550000 0.700000
v 0.620000 0.550000 1.000000
v 0.615920 0.700350 1.000000
v 0.603680 0.804560 1.000000
v 0.583370 0.893910 1.000000
v 0.555060 0.972450 1.000000
v 0.518870 1.041500 1.000000
v 0.474910 1.101510 1.000000
v 0.423240 1.152560 1.000000
v 0.363770 1.194580 1.000000
v 0.296140 1.227460 1.000000
v 0.219200 1.251050 1.000000
v 0.129470 1.265260 1.000000
v 0.000000 1.270000 1.000000
v -0.129470 1.265260 1.000000
v -0.219200 1.251050 1.000000
v -0.296140 1.227460 1.000000
v -0.363770 1.194580 1.000000
v -0.423240 1.152560 1.000000
v -0.474910 1.101510 1.000000
v -0.518870 1.041500 1.000000
v -0.555060 0.972450 1.000000
v -0.583370 0.893910 1.000000
v -0.603680 0.804560 1.000000
v -0.615920 0.700350 1.000000
v -0.620000 0.550000 1.000000
v 0.600000 0.550000 1.250000
v 0.596050 0.666940 1.250000
v 0.584210 0.747990 1.250000
v 0.564550 0.817480 1.250000
v 0.537150 0.878570 1.250000
v 0.502130 0.932280 1.250000
v 0.459590 0.978950 1.250000
v 0.409580 1.018660 1.250000
v 0.352040 1.051340 1.250000
v 0.286590 1.076910 1.250000
v 0.212130 1.095260 1.250000
v 0.125290 1.106310 1.250000
v 0.000000 1.110000 1.250000
v -0.125290 1.106310 1.250000
v -0.212130 1.095260 1.250000
v -0.286590 1.076910 1.250000
v -0.352040 1.051340 1.250000
v -0.409580 1.018660 1.250000
v -0.459590 0.978950 1.250000
v -0.502130 0.932280 1.250000
v -0.537150 0.878570 1.250000
v -0.564550 0.817480 1.250000
v -0.584210 0.747990 1.250000
v -0.596050 0.666940 1.250000
v -0.600000 0.550000 1.250000
v 0.560000 0.550000 1.450000
v 0.556310 0.625170 1.450000
v 0.545260 0.677280 1.450000
v 0.526910 0.721950 1.450000
v 0.501340 0.761220 1.450000
v 0.468660 0.795750 1.450000
v 0.428950 0.825750 1.450000
v 0.382280 0.851280 1.450000
v 0.328570 0.872290 1.450000
v 0.267480 0.888730 1.450000
v 0.197990 0.900530 1.450000
v 0.116940 0.907630 1.450000
v 0.000000 0.910000 1.450000
v -0.116940 0.907630 1.450000
v -0.197990 0.900530 1.450000
v -0.267480 0.888730 1.450000
v -0.328570 0.872290 1.450000
v -0.382280 0.851280 1.450000
v -0.428950 0.825750 1.450000
v -0.468660 0.795750 1.450000
v -0.501340 0.761220 1.450000
v -0.526910 0.721950 1.450000
v -0.545260 0.677280 1.450000
v -0.556310 0.625170 1.450000
v -0.560000 0.550000 1.450000
v 0.500000 0.550000 1.580000
v 0.496710 0.579230 1.580000
v 0.486840 0.599500 1.580000
v 0.470460 0.616870 1.580000
v 0.447630 0.632140 1.580000
v 0.418440 0.645570 1.580000
v 0.382990 0.657240 1.580000
v 0.341320 0.667160 1.580000
v 0.293370 0.675340 1.580000
v 0.238820 0.681730 1.580000
v 0.176780 0.686320 1.580000
v 0.104410 0.689080 1.580000
v 0.000000 0.690000 1.580000
v -0.104410 0.689080 1.580000
v -0.176780 0.686320 1.580000
v -0.238820 0.681730 1.580000
v -0.293370 0.675340 1.580000
v -0.341320 0.667160 1.580000
v -0.382990 0.657240 1.580000
v -0.418440 0.645570 1.580000
v -0.447630 0.632140 1.580000
v -0.470460 0.616870 1.580000
v -0.486840 0.599500 1.580000
v -0.496710 0.579230 1.580000
v -0.500000 0.550000 1.580000
v 0.000000 0.550000 1.580000
v 0.000000 0.550000 -0.400000
v -0.550000 -0.410000 0.950000
v -3.350000 -0.175000 0.750000
v -3.350000 -0.175000 0.050000
v -0.550000 -0.410000 -0.250000
v -0.550000 -0.230000 0.950000
v -3.350000 -0.065000 0.750000
v -3.350000 -0.065000 0.050000
v -0.550000 -0.230000 -0.250000
v 0.550000 -0.410000 0.950000
v 3.350000 -0.175000 0.750000
v 3.350000 -0.175000 0.050000
v 0.550000 -0.410000 -0.250000
v 0.550000 -0.230000 0.950000
v 3.350000 -0.065000 0.750000
v 3.350000 -0.065000 0.050000
v 0.550000 -0.230000 -0.250000
v -0.050000 0.450000 -2.150000
v -0.050000 0.450000 -3.150000
v -0.035000 1.380000 -3.220000
v -0.035000 1.380000 -2.800000
v 0.050000 0.450000 -2.150000
v 0.050000 0.450000 -3.150000
v 0.035000 1.380000 -3.220000
v 0.035000 1.380000 -2.800000
v 0.150000 0.340000 -2.450000
v 1.250000 0.400000 -2.850000
v 1.250000 0.400000 -3.120000
v 0.150000 0.340000 -3.200000
v 0.150000 0.420000 -2.450000
v 1.250000 0.460000 -2.850000
v 1.250000 0.460000 -3.120000
v 0.150000 0.420000 -3.200000
v -0.150000 0.340000 -2.450000
v -1.250000 0.400000 -2.850000
v -1.250000 0.400000 -3.120000
v -0.150000 0.340000 -3.200000
v -0.150000 0.420000 -2.450000
v -1.250000 0.460000 -2.850000
v -1.250000 0.460000 -3.120000
v -0.150000 0.420000 -3.200000
v 0.400000 -0.550000 1.000000
v 0.680000 -1.300000 1.000000
v 0.680000 -1.300000 0.900000
v 0.400000 -0.550000 0.900000
v 0.480000 -0.550000 1.000000
v 0.760000 -1.300000 1.000000
v 0.760000 -1.300000 0.900000
v 0.480000 -0.550000 0.900000
v -0.400000 -0.550000 1.000000
v -0.680000 -1.300000 1.000000
v -0.680000 -1.300000 0.900000
v -0.400000 -0.550000 0.900000
v -0.480000 -0.550000 1.000000
v -0.760000 -1.300000 1.000000
v -0.760000 -1.300000 0.900000
v -0.480000 -0.550000 0.900000
v 0.610000 -1.300000 1.250000
v 0.610000 -1.197390 1.231910
v 0.610000 -1.107160 1.179810
v 0.610000 -1.040190 1.100000
v 0.610000 -1.004560 1.002090
v 0.610000 -1.004560 0.897910
v 0.610000 -1.040190 0.800000
v 0.610000 -1.107160 0.720190
v 0.610000 -1.197390 0.668090
v 0.610000 -1.300000 0.650000
v 0.610000 -1.402610 0.668090
v 0.610000 -1.492840 0.720190
v 0.610000 -1.559810 0.800000
v 0.610000 -1.595440 0.897910
v 0.610000 -1.595440 1.002090
v 0.610000 -1.559810 1.100000
v 0.610000 -1.492840 1.179810
v 0.610000 -1.402610 1.231910
v 0.790000 -1.300000 1.250000
v 0.790000 -1.197390 1.231910
v 0.790000 -1.107160 1.179810
v 0.790000 -1.040190 1.100000
v 0.790000 -1.004560 1.002090
v 0.790000 -1.004560 0.897910
v 0.790000 -1.040190 0.800000
v 0.790000 -1.107160 0.720190
v 0.790000 -1.197390 0.668090
v 0.790000 -1.300000 0.650000
v 0.790000 -1.402610 0.668090
v 0.790000 -1.492840 0.720190
v 0.790000 -1.559810 0.800000
v 0.790000 -1.595440 0.897910
v 0.790000 -1.595440 1.002090
v 0.790000 -1.559810 1.100000
v 0.790000 -1.492840 1.179810
v 0.790000 -1.402610 1.231910
v 0.610000 -1.300000 0.950000
v 0.790000 -1.300000 0.950000
v -0.790000 -1.300000 1.250000
v -0.790000 -1.197390 1.231910
v -0.790000 -1.107160 1.179810
v -0.790000 -1.040190 1.100000
v -0.790000 -1.004560 1.002090
v -0.790000 -1.004560 0.897910
v -0.790000 -1.040190 0.800000
v -0.790000 -1.107160 0.720190
v -0.790000 -1.197390 0.668090
v -0.790000 -1.300000 0.650000
v -0.790000 -1.402610 0.668090
v -0.790000 -1.492840 0.720190
v -0.790000 -1.559810 0.800000
v -0.790000 -1.595440 0.897910
v -0.790000 -1.595440 1.002090
v -0.790000 -1.559810 1.100000
v -0.790000 -1.492840 1.179810
v -0.790000 -1.402610 1.231910
v -0.610000 -1.300000 1.250000
v -0.610000 -1.197390 1.231910
v -0.610000 -1.107160 1.179810
v -0.610000 -1.040190 1.100000
v -0.610000 -1.004560 1.002090
v -0.610000 -1.004560 0.897910
v -0.610000 -1.040190 0.800000
v -0.610000 -1.107160 0.720190
v -0.610000 -1.197390 0.668090
v -0.610000 -1.300000 0.650000
v -0.610000 -1.402610 0.668090
v -0.610000 -1.492840 0.720190
v -0.610000 -1.559810 0.800000
v -0.610000 -1.595440 0.897910
v -0.610000 -1.595440 1.002090
v -0.610000 -1.559810 1.100000
v -0.610000 -1.492840 1.179810
v -0.610000 -1.402610 1.231910
v -0.790000 -1.300000 0.950000
v -0.610000 -1.300000 0.950000
v 2.050000 -0.470000 -0.300000
v 2.043190 -0.418240 -0.300000
v 2.023210 -0.370000 -0.300000
v 1.991420 -0.328580 -0.300000
v 1.950000 -0.296790 -0.300000
v 1.901760 -0.276810 -0.300000
v 1.850000 -0.270000 -0.300000
v 1.798240 -0.276810 -0.300000
v 1.750000 -0.296790 -0.300000
v 1.708580 -0.328580 -0.300000
v 1.676790 -0.370000 -0.300000
v 1.656810 -0.418240 -0.300000
v 1.650000 -0.470000 -0.300000
v 1.656810 -0.521760 -0.300000
v 1.676790 -0.570000 -0.300000
v 1.708580 -0.611420 -0.300000
v 1.750000 -0.643210 -0.300000
v 1.798240 -0.663190 -0.300000
v 1.850000 -0.670000 -0.300000
v 1.901760 -0.663190 -0.300000
v 1.950000 -0.643210 -0.300000
v 1.991420 -0.611420 -0.300000
v 2.023210 -0.570000 -0.300000
v 2.043190 -0.521760 -0.300000
v 2.100000 -0.470000 -0.150000
v 2.091480 -0.405300 -0.150000
v 2.066510 -0.345000 -0.150000
v 2.026780 -0.293220 -0.150000
v 1.975000 -0.253490 -0.150000
v 1.914700 -0.228520 -0.150000
v 1.850000 -0.220000 -0.150000
v 1.785300 -0.228520 -0.150000
v 1.725000 -0.253490 -0.150000
v 1.673220 -0.293220 -0.150000
v 1.633490 -0.345000 -0.150000
v 1.608520 -0.405300 -0.150000
v 1.600000 -0.470000 -0.150000
v 1.608520 -0.534700 -0.150000
v 1.633490 -0.595000 -0.150000
v 1.673220 -0.646780 -0.150000
v 1.725000 -0.686510 -0.150000
v 1.785300 -0.711480 -0.150000
v 1.850000 -0.720000 -0.150000
v 1.914700 -0.711480 -0.150000
v 1.975000 -0.686510 -0.150000
v 2.026780 -0.646780 -0.150000
v 2.066510 -0.595000 -0.150000
v 2.091480 -0.534700 -0.150000
v 2.120000 -0.470000 0.600000
v 2.110800 -0.400120 0.600000
v 2.083830 -0.335000 0.600000
v 2.040920 -0.279080 0.600000
v 1.985000 -0.236170 0.600000
v 1.919880 -0.209200 0.600000
v 1.850000 -0.200000 0.600000
v 1.780120 -0.209200 0.600000
v 1.715000 -0.236170 0.600000
v 1.659080 -0.279080 0.600000
v 1.616170 -0.335000 0.600000
v 1.589200 -0.400120 0.600000
v 1.580000 -0.470000 0.600000
v 1.589200 -0.539880 0.600000
v 1.616170 -0.605000 0.600000
v 1.659080 -0.660920 0.600000
v 1.715000 -0.703830 0.600000
v 1.780120 -0.730800 0.600000
v 1.850000 -0.740000 0.600000
v 1.919880 -0.730800 0.600000
v 1.985000 -0.703830 0.600000
v 2.040920 -0.660920 0.600000
v 2.083830 -0.605000 0.600000
v 2.110800 -0.539880 0.600000
v 2.110000 -0.470000 1.000000
v 2.101140 -0.402710 1.000000
v 2.075170 -0.340000 1.000000
v 2.033850 -0.286150 1.000000
v 1.980000 -0.244830 1.000000
v 1.917290 -0.218860 1.000000
v 1.850000 -0.210000 1.000000
v 1.782710 -0.218860 1.000000
v 1.720000 -0.244830 1.000000
v 1.666150 -0.286150 1.000000
v 1.624830 -0.340000 1.000000
v 1.598860 -0.402710 1.000000
v 1.590000 -0.470000 1.000000
v 1.598860 -0.537290 1.000000
v 1.624830 -0.600000 1.000000
v 1.666150 -0.653850 1.000000
v 1.720000 -0.695170 1.000000
v 1.782710 -0.721140 1.000000
v 1.850000 -0.730000 1.000000
v 1.917290 -0.721140 1.000000
v 1.980000 -0.695170 1.000000
v 2.033850 -0.653850 1.000000
v 2.075170 -0.600000 1.000000
v 2.101140 -0.537290 1.000000
v 2.090000 -0.470000 1.150000
v 2.081820 -0.407880 1.150000
v 2.057850 -0.350000 1.150000
v 2.019710 -0.300290 1.150000
v 1.970000 -0.262150 1.150000
v 1.912120 -0.238180 1.150000
v 1.850000 -0.230000 1.150000
v 1.787880 -0.238180 1.150000
v 1.730000 -0.262150 1.150000
v 1.680290 -0.300290 1.150000
v 1.642150 -0.350000 1.150000
v 1.618180 -0.407880 1.150000
v 1.610000 -0.470000 1.150000
v 1.618180 -0.532120 1.150000
v 1.642150 -0.590000 1.150000
v 1.680290 -0.639710 1.150000
v 1.730000 -0.677850 1.150000
v 1.787880 -0.701820 1.150000
v 1.850000 -0.710000 1.150000
v 1.912120 -0.701820 1.150000
v 1.970000 -0.677850 1.150000
v 2.019710 -0.639710 1.150000
v 2.057850 -0.590000 1.150000
v 2.081820 -0.532120 1.150000
v 2.020000 -0.470000 1.350000
v 2.014210 -0.426000 1.350000
v 1.997220 -0.385000 1.350000
v 1.970210 -0.349790 1.350000
v 1.935000 -0.322780 1.350000
v 1.894000 -0.305790 1.350000
v 1.850000 -0.300000 1.350000
v 1.806000 -0.305790 1.350000
v 1.765000 -0.322780 1.350000
v 1.729790 -0.349790 1.350000
v 1.702780 -0.385000 1.350000
v 1.685790 -0.426000 1.350000
v 1.680000 -0.470000 1.350000
v 1.685790 -0.514000 1.350000
v 1.702780 -0.555000 1.350000
v 1.729790 -0.590210 1.350000
v 1.765000 -0.617220 1.350000
v 1.806000 -0.634210 1.350000
v 1.850000 -0.640000 1.350000
v 1.894000 -0.634210 1.350000
v 1.935000 -0.617220 1.350000
v 1.970210 -0.590210 1.350000
v 1.997220 -0.555000 1.350000
v 2.014210 -0.514000 1.350000
v 1.930000 -0.470000 1.500000
v 1.927270 -0.449290 1.500000
v 1.919280 -0.430000 1.500000
v 1.906570 -0.413430 1.500000
v 1.890000 -0.400720 1.500000
v 1.870710 -0.392730 1.500000
v 1.850000 -0.390000 1.500000
v 1.829290 -0.392730 1.500000
v 1.810000 -0.400720 1.500000
v 1.793430 -0.413430 1.500000
v 1.780720 -0.430000 1.500000
v 1.772730 -0.449290 1.500000
v 1.770000 -0.470000 1.500000
v 1.772730 -0.490710 1.500000
v 1.780720 -0.510000 1.500000
v 1.793430 -0.526570 1.500000
v 1.810000 -0.539280 1.500000
v 1.829290 -0.547270 1.500000
v 1.850000 -0.550000 1.500000
v 1.870710 -0.547270 1.500000
v 1.890000 -0.539280 1.500000
v 1.906570 -0.526570 1.500000
v 1.919280 -0.510000 1.500000
v 1.927270 -0.490710 1.500000
v 1.850000 -0.470000 1.560000
v 1.850000 -0.470000 -0.300000
v -1.650000 -0.470000 -0.300000
v -1.656810 -0.418240 -0.300000
v -1.676790 -0.370000 -0.300000
v -1.708580 -0.328580 -0.300000
v -1.750000 -0.296790 -0.300000
v -1.798240 -0.276810 -0.300000
v -1.850000 -0.270000 -0.300000
v -1.901760 -0.276810 -0.300000
v -1.950000 -0.296790 -0.300000
v -1.991420 -0.328580 -0.300000
v -2.023210 -0.370000 -0.300000
v -2.043190 -0.418240 -0.300000
v -2.050000 -0.470000 -0.300000
v -2.043190 -0.521760 -0.300000
v -2.023210 -0.570000 -0.300000
v -1.991420 -0.611420 -0.300000
v -1.950000 -0.643210 -0.300000
v -1.901760 -0.663190 -0.300000
v -1.850000 -0.670000 -0.300000
v -1.798240 -0.663190 -0.300000
v -1.750000 -0.643210 -0.300000
v -1.708580 -0.611420 -0.300000
v -1.676790 -0.570000 -0.300000
v -1.656810 -0.521760 -0.300000
v -1.600000 -0.470000 -0.150000
v -1.608520 -0.405300 -0.150000
v -1.633490 -0.345000 -0.150000
v -1.673220 -0.293220 -0.150000
v -1.725000 -0.253490 -0.150000
v -1.785300 -0.228520 -0.150000
v -1.850000 -0.220000 -0.150000
v -1.914700 -0.228520 -0.150000
v -1.975000 -0.253490 -0.150000
v -2.026780 -0.293220 -0.150000
v -2.066510 -0.345000 -0.150000
v -2.091480 -0.405300 -0.150000
v -2.100000 -0.470000 -0.150000
v -2.091480 -0.534700 -0.150000
v -2.066510 -0.595000 -0.150000
v -2.026780 -0.646780 -0.150000
v -1.975000 -0.686510 -0.150000
v -1.914700 -0.711480 -0.150000
v -1.850000 -0.720000 -0.150000
v -1.785300 -0.711480 -0.150000
v -1.725000 -0.686510 -0.150000
v -1.673220 -0.646780 -0.150000
v -1.633490 -0.595000 -0.150000
v -1.608520 -0.534700 -0.150000
v -1.580000 -0.470000 0.600000
v -1.589200 -0.400120 0.600000
v -1.616170 -0.335000 0.600000
v -1.659080 -0.279080 0.600000
v -1.715000 -0.236170 0.600000
v -1.780120 -0.209200 0.600000
v -1.850000 -0.200000 0.600000
v -1.919880 -0.209200 0.600000
v -1.985000 -0.236170 0.600000
v -2.040920 -0.279080 0.600000
v -2.083830 -0.335000 0.600000
v -2.110800 -0.400120 0.600000
v -2.120000 -0.470000 0.600000
v -2.110800 -0.539880 0.600000
v -2.083830 -0.605000 0.600000
v -2.040920 -0.660920 0.600000
v -1.985000 -0.703830 0.600000
v -1.919880 -0.730800 0.600000
v -1.850000 -0.740000 0.600000
v -1.780120 -0.730800 0.600000
v -1.715000 -0.703830 0.600000
v -1.659080 -0.660920 0.600000
v -1.616170 -0.605000 0.600000
v -1.589200 -0.539880 0.600000
v -1.590000 -0.470000 1.000000
v -1.598860 -0.402710 1.000000
v -1.624830 -0.340000 1.000000
v -1.666150 -0.286150 1.000000
v -1.720000 -0.244830 1.000000
v -1.782710 -0.218860 1.000000
v -1.850000 -0.210000 1.000000
v -1.917290 -0.218860 1.000000
v -1.980000 -0.244830 1.000000
v -2.033850 -0.286150 1.000000
v -2.075170 -0.340000 1.000000
v -2.101140 -0.402710 1.000000
v -2.110000 -0.470000 1.000000
v -2.101140 -0.537290 1.000000
v -2.075170 -0.600000 1.000000
v -2.033850 -0.653850 1.000000
v -1.980000 -0.695170 1.000000
v -1.917290 -0.721140 1.000000
v -1.850000 -0.730000 1.000000
v -1.782710 -0.721140 1.000000
v -1.720000 -0.695170 1.000000
v -1.666150 -0.653850 1.000000
v -1.624830 -0.600000 1.000000
v -1.598860 -0.537290 1.000000
v -1.610000 -0.470000 1.150000
v -1.618180 -0.407880 1.150000
v -1.642150 -0.350000 1.150000
v -1.680290 -0.300290 1.150000
v -1.730000 -0.262150 1.150000
v -1.787880 -0.238180 1.150000
v -1.850000 -0.230000 1.150000
v -1.912120 -0.238180 1.150000
v -1.970000 -0.262150 1.150000
v -2.019710 -0.300290 1.150000
v -2.057850 -0.350000 1.150000
v -2.081820 -0.407880 1.150000
v -2.090000 -0.470000 1.150000
v -2.081820 -0.532120 1.150000
v -2.057850 -0.590000 1.150000
v -2.019710 -0.639710 1.150000
v -1.970000 -0.677850 1.150000
v -1.912120 -0.701820 1.150000
v -1.850000 -0.710000 1.150000
v -1.787880 -0.701820 1.150000
v -1.730000 -0.677850 1.150000
v -1.680290 -0.639710 1.150000
v -1.642150 -0.590000 1.150000
v -1.618180 -0.532120 1.150000
v -1.680000 -0.470000 1.350000
v -1.685790 -0.426000 1.350000
v -1.702780 -0.385000 1.350000
v -1.729790 -0.349790 1.350000
v -1.765000 -0.322780 1.350000
v -1.806000 -0.305790 1.350000
v -1.850000 -0.300000 1.350000
v -1.894000 -0.305790 1.350000
v -1.935000 -0.322780 1.350000
v -1.970210 -0.349790 1.350000
v -1.997220 -0.385000 1.350000
v -2.014210 -0.426000 1.350000
v -2.020000 -0.470000 1.350000
v -2.014210 -0.514000 1.350000
v -1.997220 -0.555000 1.350000
v -1.970210 -0.590210 1.350000
v -1.935000 -0.617220 1.350000
v -1.894000 -0.634210 1.350000
v -1.850000 -0.640000 1.350000
v -1.806000 -0.634210 1.350000
v -1.765000 -0.617220 1.350000
v -1.729790 -0.590210 1.350000
v -1.702780 -0.555000 1.350000
v -1.685790 -0.514000 1.350000
v -1.770000 -0.470000 1.500000
v -1.772730 -0.449290 1.500000
v -1.780720 -0.430000 1.500000
v -1.793430 -0.413430 1.500000
v -1.810000 -0.400720 1.500000
v -1.829290 -0.392730 1.500000
v -1.850000 -0.390000 1.500000
v -1.870710 -0.392730 1.500000
v -1.890000 -0.400720 1.500000
v -1.906570 -0.413430 1.500000
v -1.919280 -0.430000 1.500000
v -1.927270 -0.449290 1.500000
v -1.930000 -0.470000 1.500000
v -1.927270 -0.490710 1.500000
v -1.919280 -0.510000 1.500000
v -1.906570 -0.526570 1.500000
v -1.890000 -0.539280 1.500000
v -1.870710 -0.547270 1.500000
v -1.850000 -0.550000 1.500000
v -1.829290 -0.547270 1.500000
v -1.810000 -0.539280 1.500000
v -1.793430 -0.526570 1.500000
v -1.780720 -0.510000 1.500000
v -1.772730 -0.490710 1.500000
v -1.850000 -0.470000 1.560000
v -1.850000 -0.470000 -0.300000
vn 0.7336 -0.0000 -0.6795
vn 0.7331 0.0679 -0.6767
vn 0.9685 0.0940 -0.2304
vn 0.9702 0.0003 -0.2424
vn 0.7213 0.1537 -0.6753
vn 0.9528 0.2118 -0.2174
vn 0.6941 0.2495 -0.6752
vn 0.9166 0.3439 -0.2040
vn 0.6477 0.3519 -0.6757
vn 0.8543 0.4837 -0.1900
vn 0.5786 0.4562 -0.6761
vn 0.7608 0.6248 -0.1754
vn 0.4852 0.5549 -0.6757
vn 0.6349 0.7557 -0.1606
vn 0.3700 0.6392 -0.6742
vn 0.4810 0.8644 -0.1464
vn 0.2407 0.7007 -0.6716
vn 0.3110 0.9409 -0.1343
vn 0.1098 0.7354 -0.6687
vn 0.1411 0.9820 -0.1254
vn -0.0000 0.7453 -0.6667
vn -0.0000 0.9925 -0.1221
vn -0.1098 0.7354 -0.6687
vn -0.1411 0.9820 -0.1254
vn -0.2407 0.7007 -0.6716
vn -0.3107 0.9410 -0.1341
vn -0.3700 0.6392 -0.6742
vn -0.4810 0.8644 -0.1464
vn -0.4852 0.5549 -0.6757
vn -0.6351 0.7556 -0.1607
vn -0.5786 0.4562 -0.6761
vn -0.7609 0.6247 -0.1754
vn -0.6477 0.3519 -0.6757
vn -0.8543 0.4838 -0.1900
vn -0.6941 0.2495 -0.6752
vn -0.9166 0.3439 -0.2040
vn -0.7213 0.1537 -0.6753
vn -0.9528 0.2121 -0.2174
vn -0.7331 0.0679 -0.6767
vn -0.9686 0.0937 -0.2305
vn -0.7336 -0.0000 -0.6795
vn -0.9702 0.0003 -0.2424
vn -0.7242 -0.0669 -0.6863
vn -0.9618 -0.0924 -0.2578
vn -0.7014 -0.1493 -0.6969
vn -0.9375 -0.2079 -0.2790
vn -0.6630 -0.2380 -0.7098
vn -0.8925 -0.3340 -0.3031
vn -0.6066 -0.3292 -0.7236
vn -0.8222 -0.4650 -0.3283
vn -0.5309 -0.4180 -0.7372
vn -0.7235 -0.5935 -0.3524
vn -0.4366 -0.4986 -0.7488
vn -0.5970 -0.7102 -0.3731
vn -0.3275 -0.5650 -0.7573
vn -0.4486 -0.8051 -0.3881
vn -0.2106 -0.6123 -0.7620
vn -0.2880 -0.8716 -0.3967
vn -0.0955 -0.6388 -0.7634
vn -0.1304 -0.9074 -0.3996
vn -0.0000 -0.6465 -0.7629
vn -0.0000 -0.9168 -0.3993
vn 0.0955 -0.6388 -0.7634
vn 0.1304 -0.9074 -0.3996
vn 0.2106 -0.6123 -0.7620
vn 0.2880 -0.8716 -0.3967
vn 0.3275 -0.5650 -0.7573
vn 0.4486 -0.8051 -0.3881
vn 0.4366 -0.4986 -0.7488
vn 0.5974 -0.7100 -0.3729
vn 0.5309 -0.4180 -0.7372
vn 0.7235 -0.5935 -0.3524
vn 0.6066 -0.3292 -0.7237
vn 0.8222 -0.4650 -0.3283
vn 0.6630 -0.2380 -0.7098
vn 0.8925 -0.3340 -0.3031
vn 0.7014 -0.1493 -0.6969
vn 0.9375 -0.2079 -0.2790
vn 0.7242 -0.0669 -0.6863
vn 0.9617 -0.0927 -0.2579
vn 0.9711 0.0983 -0.2174
vn 0.9733 -0.0002 -0.2296
vn 0.9535 0.2223 -0.2036
vn 0.9138 0.3596 -0.1891
vn 0.8468 0.5030 -0.1733
vn 0.7484 0.6444 -0.1570
vn 0.6191 0.7727 -0.1405
vn 0.4651 0.8764 -0.1251
vn 0.2987 0.9477 -0.1123
vn 0.1351 0.9854 -0.1036
vn -0.0000 0.9950 -0.1003
vn -0.1351 0.9854 -0.1036
vn -0.2987 0.9477 -0.1123
vn -0.4651 0.8764 -0.1251
vn -0.6191 0.7727 -0.1405
vn -0.7484 0.6444 -0.1570
vn -0.8468 0.5030 -0.1733
vn -0.9138 0.3596 -0.1891
vn -0.9535 0.2223 -0.2036
vn -0.9711 0.0983 -0.2174
vn -0.9733 -0.0002 -0.2296
vn -0.9646 -0.0981 -0.2449
vn -0.9390 -0.2189 -0.2652
vn -0.8914 -0.3502 -0.2877
vn -0.8174 -0.4851 -0.3106
vn -0.7151 -0.6154 -0.3317
vn -0.5861 -0.7313 -0.3489
vn -0.4372 -0.8238 -0.3608
vn -0.2795 -0.8872 -0.3671
vn -0.1261 -0.9209 -0.3688
vn -0.0000 -0.9298 -0.3681
vn 0.1261 -0.9209 -0.3688
vn 0.2795 -0.8872 -0.3672
vn 0.4372 -0.8238 -0.3608
vn 0.5861 -0.7312 -0.3489
vn 0.7151 -0.6154 -0.3317
vn 0.8174 -0.4851 -0.3106
vn 0.8914 -0.3502 -0.2877
vn 0.9390 -0.2189 -0.2652
vn 0.9646 -0.0981 -0.2449
vn 0.9798 0.1034 -0.1709
vn 0.9837 -0.0001 -0.1799
vn 0.9592 0.2330 -0.1602
vn 0.9152 0.3748 -0.1482
vn 0.8428 0.5210 -0.1350
vn 0.7391 0.6627 -0.1208
vn 0.6063 0.7881 -0.1065
vn 0.4521 0.8871 -0.0931
vn 0.2885 0.9539 -0.0822
vn 0.1304 0.9886 -0.0749
vn -0.0000 0.9974 -0.0721
vn -0.1304 0.9886 -0.0749
vn -0.2885 0.9539 -0.0822
vn -0.4521 0.8871 -0.0931
vn -0.6064 0.7880 -0.1065
vn -0.7390 0.6628 -0.1208
vn -0.8428 0.5210 -0.1350
vn -0.9152 0.3748 -0.1482
vn -0.9592 0.2331 -0.1602
vn -0.9798 0.1034 -0.1709
vn -0.9837 -0.0001 -0.1799
vn -0.9762 -0.1030 -0.1907
vn -0.9512 -0.2309 -0.2045
vn -0.9029 -0.3696 -0.2193
vn -0.8270 -0.5114 -0.2335
vn -0.7217 -0.6470 -0.2459
vn -0.5896 -0.7663 -0.2551
vn -0.4383 -0.8602 -0.2606
vn -0.2794 -0.9236 -0.2626
vn -0.1258 -0.9568 -0.2621
vn -0.0000 -0.9653 -0.2613
vn 0.1258 -0.9568 -0.2621
vn 0.2794 -0.9236 -0.2625
vn 0.4383 -0.8602 -0.2606
vn 0.5896 -0.7663 -0.2551
vn 0.7217 -0.6470 -0.2459
vn 0.8270 -0.5114 -0.2335
vn 0.9029 -0.3696 -0.2193
vn 0.9512 -0.2309 -0.2045
vn 0.9762 -0.1030 -0.1907
vn 0.9891 0.1081 -0.1002
vn 0.9945 -0.0001 -0.1047
vn 0.9654 0.2431 -0.0944
vn 0.9170 0.3892 -0.0873
vn 0.8393 0.5379 -0.0791
vn 0.7308 0.6790 -0.0701
vn 0.5950 0.8014 -0.0608
vn 0.4406 0.8962 -0.0522
vn 0.2798 0.9590 -0.0453
vn 0.1261 0.9912 -0.0407
vn -0.0000 0.9992 -0.0390
vn -0.1261 0.9912 -0.0407
vn -0.2798 0.9590 -0.0453
vn -0.4407 0.8961 -0.0522
vn -0.5950 0.8014 -0.0608
vn -0.7308 0.6790 -0.0701
vn -0.8393 0.5379 -0.0791
vn -0.9170 0.3892 -0.0873
vn -0.9654 0.2431 -0.0944
vn -0.9891 0.1082 -0.1002
vn -0.9945 -0.0001 -0.1047
vn -0.9881 -0.1081 -0.1096
vn -0.9632 -0.2426 -0.1154
vn -0.9137 -0.3879 -0.1211
vn -0.8351 -0.5355 -0.1258
vn -0.7264 -0.6750 -0.1290
vn -0.5910 -0.7960 -0.1305
vn -0.4375 -0.8897 -0.1303
vn -0.2778 -0.9519 -0.1291
vn -0.1248 -0.9840 -0.1274
vn -0.0000 -0.9920 -0.1262
vn 0.1248 -0.9840 -0.1274
vn 0.2778 -0.9519 -0.1292
vn 0.4375 -0.8897 -0.1303
vn 0.5910 -0.7961 -0.1305
vn 0.7264 -0.6750 -0.1290
vn 0.8351 -0.5355 -0.1258
vn 0.9137 -0.3879 -0.1211
vn 0.9632 -0.2426 -0.1154
vn 0.9881 -0.1081 -0.1096
vn 0.9933 0.1115 -0.0315
vn 0.9995 -0.0003 -0.0331
vn 0.9676 0.2507 -0.0288
vn 0.9163 0.3996 -0.0248
vn 0.8349 0.5500 -0.0200
vn 0.7232 0.6905 -0.0145
vn 0.5854 0.8107 -0.0090
vn 0.4314 0.9022 -0.0040
vn 0.2730 0.9620 -0.0002
vn 0.1226 0.9925 0.0022
vn -0.0000 1.0000 0.0030
vn -0.1226 0.9925 0.0022
vn -0.2730 0.9620 -0.0002
vn -0.4314 0.9022 -0.0040
vn -0.5854 0.8107 -0.0090
vn -0.7229 0.6908 -0.0145
vn -0.8349 0.5500 -0.0200
vn -0.9163 0.3996 -0.0248
vn -0.9676 0.2507 -0.0288
vn -0.9933 0.1115 -0.0315
vn -0.9995 -0.0003 -0.0331
vn -0.9931 -0.1120 -0.0340
vn -0.9674 -0.2508 -0.0343
vn -0.9159 -0.4000 -0.0336
vn -0.8345 -0.5501 -0.0320
vn -0.7226 -0.6906 -0.0297
vn -0.5849 -0.8107 -0.0268
vn -0.4311 -0.9020 -0.0239
vn -0.2730 -0.9618 -0.0214
vn -0.1225 -0.9923 -0.0197
vn -0.0000 -0.9998 -0.0191
vn 0.1225 -0.9923 -0.0197
vn 0.2730 -0.9618 -0.0214
vn 0.4311 -0.9020 -0.0239
vn 0.5849 -0.8107 -0.0268
vn 0.7226 -0.6906 -0.0297
vn 0.8345 -0.5501 -0.0320
vn 0.9159 -0.4000 -0.0336
vn 0.9674 -0.2508 -0.0343
vn 0.9931 -0.1119 -0.0340
vn 0.9924 0.1141 0.0458
vn 0.9990 -0.0000 0.0444
vn 0.9654 0.2562 0.0489
vn 0.9116 0.4075 0.0538
vn 0.8276 0.5581 0.0598
vn 0.7136 0.6975 0.0659
vn 0.5751 0.8150 0.0713
vn 0.4223 0.9033 0.0756
vn 0.2665 0.9606 0.0788
vn 0.1194 0.9896 0.0798
vn -0.0000 0.9968 0.0805
vn -0.1194 0.9896 0.0798
vn -0.2665 0.9606 0.0788
vn -0.4223 0.9033 0.0756
vn -0.5751 0.8150 0.0713
vn -0.7136 0.6975 0.0659
vn -0.8277 0.5580 0.0598
vn -0.9116 0.4075 0.0538
vn -0.9654 0.2562 0.0489
vn -0.9924 0.1142 0.0457
vn -0.9990 -0.0000 0.0444
vn -0.9924 -0.1141 0.0458
vn -0.9654 -0.2562 0.0489
vn -0.9116 -0.4075 0.0538
vn -0.8276 -0.5581 0.0598
vn -0.7136 -0.6975 0.0659
vn -0.5751 -0.8150 0.0713
vn -0.4223 -0.9033 0.0756
vn -0.2665 -0.9606 0.0788
vn -0.1194 -0.9896 0.0798
vn -0.0000 -0.9968 0.0805
vn 0.1194 -0.9896 0.0798
vn 0.2665 -0.9606 0.0788
vn 0.4223 -0.9033 0.0756
vn 0.5751 -0.8150 0.0713
vn 0.7136 -0.6975 0.0659
vn 0.8277 -0.5580 0.0598
vn 0.9116 -0.4075 0.0538
vn 0.9654 -0.2562 0.0489
vn 0.9924 -0.1142 0.0457
vn 0.9812 0.1149 0.1549
vn 0.9882 -0.0000 0.1532
vn 0.9533 0.2569 0.1589
vn 0.8983 0.4078 0.1637
vn 0.8129 0.5574 0.1690
vn 0.6985 0.6943 0.1733
vn 0.5612 0.8087 0.1760
vn 0.4110 0.8943 0.1770
vn 0.2590 0.9496 0.1765
vn 0.1160 0.9777 0.1753
vn -0.0000 0.9847 0.1744
vn -0.1160 0.9777 0.1753
vn -0.2591 0.9496 0.1765
vn -0.4110 0.8943 0.1770
vn -0.5612 0.8088 0.1761
vn -0.6985 0.6943 0.1733
vn -0.8128 0.5574 0.1690
vn -0.8983 0.4078 0.1637
vn -0.9533 0.2569 0.1590
vn -0.9812 0.1149 0.1549
vn -0.9882 -0.0000 0.1534
vn -0.9812 -0.1149 0.1549
vn -0.9533 -0.2569 0.1589
vn -0.8983 -0.4078 0.1637
vn -0.8129 -0.5574 0.1690
vn -0.6985 -0.6943 0.1733
vn -0.5612 -0.8087 0.1760
vn -0.4110 -0.8943 0.1770
vn -0.2590 -0.9496 0.1765
vn -0.1160 -0.9777 0.1753
vn -0.0000 -0.9847 0.1744
vn 0.1160 -0.9777 0.1753
vn 0.2591 -0.9496 0.1765
vn 0.4110 -0.8943 0.1770
vn 0.5612 -0.8088 0.1761
vn 0.6985 -0.6943 0.1733
vn 0.8128 -0.5574 0.1690
vn 0.8983 -0.4078 0.1637
vn 0.9533 -0.2569 0.1590
vn 0.9812 -0.1149 0.1549
vn 0.9049 0.1065 0.4122
vn 0.9122 -0.0000 0.4097
vn 0.8772 0.2377 0.4172
vn 0.8245 0.3765 0.4224
vn 0.7445 0.5135 0.4266
vn 0.6391 0.6391 0.4280
vn 0.5135 0.7445 0.4266
vn 0.3765 0.8245 0.4224
vn 0.2377 0.8772 0.4172
vn 0.1065 0.9049 0.4122
vn -0.0000 0.9122 0.4097
vn -0.1065 0.9049 0.4122
vn -0.2377 0.8772 0.4172
vn -0.3765 0.8245 0.4225
vn -0.5135 0.7445 0.4266
vn -0.6391 0.6391 0.4280
vn -0.7445 0.5135 0.4266
vn -0.8245 0.3765 0.4224
vn -0.8772 0.2377 0.4172
vn -0.9049 0.1065 0.4122
vn -0.9122 -0.0000 0.4097
vn -0.9049 -0.1065 0.4122
vn -0.8772 -0.2377 0.4172
vn -0.8245 -0.3765 0.4224
vn -0.7445 -0.5135 0.4266
vn -0.6391 -0.6391 0.4280
vn -0.5135 -0.7445 0.4266
vn -0.3765 -0.8245 0.4224
vn -0.2377 -0.8772 0.4172
vn -0.1065 -0.9049 0.4122
vn -0.0000 -0.9122 0.4097
vn 0.1065 -0.9049 0.4122
vn 0.2377 -0.8772 0.4172
vn 0.3765 -0.8245 0.4225
vn 0.5135 -0.7445 0.4266
vn 0.6391 -0.6391 0.4280
vn 0.7445 -0.5135 0.4266
vn 0.8245 -0.3765 0.4224
vn 0.8772 -0.2377 0.4172
vn 0.9049 -0.1065 0.4122
vn 0.6774 0.0797 0.7313
vn 0.6848 -0.0000 0.7288
vn 0.6532 0.1768 0.7363
vn 0.6104 0.2786 0.7415
vn 0.5488 0.3784 0.7454
vn 0.4702 0.4702 0.7469
vn 0.3784 0.5488 0.7454
vn 0.2786 0.6104 0.7415
vn 0.1768 0.6532 0.7363
vn 0.0797 0.6774 0.7313
vn -0.0000 0.6848 0.7288
vn -0.0797 0.6774 0.7313
vn -0.1768 0.6532 0.7363
vn -0.2786 0.6104 0.7415
vn -0.3784 0.5488 0.7454
vn -0.4702 0.4702 0.7469
vn -0.5488 0.3784 0.7454
vn -0.6104 0.2786 0.7415
vn -0.6532 0.1768 0.7363
vn -0.6774 0.0797 0.7313
vn -0.6848 -0.0000 0.7287
vn -0.6774 -0.0797 0.7313
vn -0.6532 -0.1768 0.7363
vn -0.6104 -0.2786 0.7415
vn -0.5488 -0.3784 0.7454
vn -0.4702 -0.4702 0.7469
vn -0.3784 -0.5488 0.7454
vn -0.2786 -0.6104 0.7415
vn -0.1768 -0.6532 0.7363
vn -0.0797 -0.6774 0.7313
vn -0.0000 -0.6848 0.7288
vn 0.0797 -0.6774 0.7313
vn 0.1768 -0.6532 0.7363
vn 0.2786 -0.6104 0.7415
vn 0.3784 -0.5488 0.7454
vn 0.4702 -0.4702 0.7469
vn 0.5488 -0.3784 0.7454
vn 0.6104 -0.2786 0.7415
vn 0.6532 -0.1768 0.7363
vn 0.6774 -0.0797 0.7313
vn 0.4165 0.0489 0.9078
vn 0.4220 -0.0000 0.9066
vn 0.3997 0.1081 0.9102
vn 0.3717 0.1695 0.9127
vn 0.3329 0.2295 0.9146
vn 0.2848 0.2848 0.9153
vn 0.2295 0.3329 0.9146
vn 0.1695 0.3717 0.9127
vn 0.1081 0.3997 0.9102
vn 0.0489 0.4165 0.9078
vn -0.0000 0.4220 0.9066
vn -0.0489 0.4165 0.9078
vn -0.1081 0.3997 0.9102
vn -0.1695 0.3717 0.9127
vn -0.2295 0.3329 0.9146
vn -0.2848 0.2848 0.9153
vn -0.3329 0.2295 0.9146
vn -0.3717 0.1695 0.9127
vn -0.3997 0.1081 0.9102
vn -0.4165 0.0489 0.9078
vn -0.4220 -0.0000 0.9066
vn -0.4165 -0.0489 0.9078
vn -0.3997 -0.1081 0.9102
vn -0.3717 -0.1695 0.9127
vn -0.3329 -0.2295 0.9146
vn -0.2848 -0.2848 0.9153
vn -0.2295 -0.3329 0.9146
vn -0.1695 -0.3717 0.9127
vn -0.1081 -0.3997 0.9102
vn -0.0489 -0.4165 0.9078
vn -0.0000 -0.4220 0.9066
vn 0.0489 -0.4165 0.9078
vn 0.1081 -0.3997 0.9102
vn 0.1695 -0.3717 0.9127
vn 0.2295 -0.3329 0.9146
vn 0.2848 -0.2848 0.9153
vn 0.3329 -0.2295 0.9146
vn 0.3717 -0.1695 0.9127
vn 0.3997 -0.1081 0.9102
vn 0.4165 -0.0489 0.9078
vn 0.1952 0.0229 0.9805
vn 0.1980 -0.0000 0.9802
vn 0.1870 0.0506 0.9811
vn 0.1734 0.0791 0.9817
vn 0.1551 0.1069 0.9821
vn 0.1326 0.1326 0.9823
vn 0.1069 0.1551 0.9821
vn 0.0791 0.1734 0.9817
vn 0.0506 0.1870 0.9811
vn 0.0229 0.1952 0.9805
vn -0.0000 0.1980 0.9802
vn -0.0229 0.1952 0.9805
vn -0.0506 0.1870 0.9811
vn -0.0791 0.1734 0.9817
vn -0.1069 0.1551 0.9821
vn -0.1326 0.1326 0.9823
vn -0.1551 0.1069 0.9821
vn -0.1734 0.0791 0.9817
vn -0.1870 0.0506 0.9811
vn -0.1952 0.0229 0.9805
vn -0.1980 -0.0000 0.9802
vn -0.1952 -0.0229 0.9805
vn -0.1870 -0.0506 0.9811
vn -0.1734 -0.0791 0.9817
vn -0.1551 -0.1069 0.9821
vn -0.1326 -0.1326 0.9823
vn -0.1069 -0.1551 0.9821
vn -0.0791 -0.1734 0.9817
vn -0.0506 -0.1870 0.9811
vn -0.0229 -0.1952 0.9805
vn -0.0000 -0.1980 0.9802
vn 0.0229 -0.1952 0.9805
vn 0.0506 -0.1870 0.9811
vn 0.0791 -0.1734 0.9817
vn 0.1069 -0.1551 0.9821
vn 0.1326 -0.1326 0.9823
vn 0.1551 -0.1069 0.9821
vn 0.1734 -0.0791 0.9817
vn 0.1870 -0.0506 0.9811
vn 0.1952 -0.0229 0.9805
vn -0.0000 -0.0000 1.0000
vn -0.0000 -0.0000 -1.0000
vn 0.5087 0.0136 -0.8608
vn 0.5051 0.0358 -0.8623
vn 0.9271 0.0632 -0.3694
vn 0.9305 0.0239 -0.3654
vn 0.4933 0.0834 -0.8658
vn 0.9131 0.1484 -0.3798
vn 0.4721 0.1359 -0.8710
vn 0.8852 0.2451 -0.3954
vn 0.4407 0.1905 -0.8772
vn 0.8402 0.3493 -0.4148
vn 0.3990 0.2446 -0.8837
vn 0.7752 0.4568 -0.4363
vn 0.3478 0.2951 -0.8899
vn 0.6892 0.5619 -0.4575
vn 0.2891 0.3394 -0.8951
vn 0.5833 0.6579 -0.4764
vn 0.2257 0.3757 -0.8988
vn 0.4622 0.7386 -0.4908
vn 0.1611 0.4028 -0.9010
vn 0.3332 0.7995 -0.4998
vn 0.0988 0.4208 -0.9018
vn 0.2054 0.8390 -0.5038
vn 0.0424 0.4304 -0.9016
vn 0.0883 0.8591 -0.5041
vn -0.0000 0.4332 -0.9013
vn -0.0000 0.8641 -0.5033
vn -0.0424 0.4304 -0.9016
vn -0.0883 0.8591 -0.5041
vn -0.0988 0.4208 -0.9018
vn -0.2054 0.8390 -0.5038
vn -0.1611 0.4028 -0.9010
vn -0.3332 0.7995 -0.4998
vn -0.2257 0.3757 -0.8988
vn -0.4622 0.7386 -0.4908
vn -0.2891 0.3394 -0.8951
vn -0.5833 0.6579 -0.4764
vn -0.3478 0.2951 -0.8899
vn -0.6892 0.5619 -0.4575
vn -0.3990 0.2446 -0.8837
vn -0.7752 0.4568 -0.4363
vn -0.4407 0.1905 -0.8772
vn -0.8402 0.3493 -0.4148
vn -0.4721 0.1359 -0.8710
vn -0.8852 0.2451 -0.3954
vn -0.4933 0.0834 -0.8658
vn -0.9131 0.1484 -0.3798
vn -0.5051 0.0358 -0.8623
vn -0.9271 0.0632 -0.3694
vn -0.5087 0.0136 -0.8608
vn -0.9305 0.0239 -0.3654
vn 0.9855 0.0645 -0.1568
vn 0.9876 0.0242 -0.1550
vn 0.9752 0.1517 -0.1615
vn 0.9528 0.2524 -0.1685
vn 0.9144 0.3639 -0.1775
vn 0.8554 0.4827 -0.1878
vn 0.7725 0.6033 -0.1983
vn 0.6643 0.7179 -0.2080
vn 0.5338 0.8176 -0.2156
vn 0.3890 0.8945 -0.2204
vn 0.2414 0.9446 -0.2223
vn 0.1040 0.9694 -0.2222
vn -0.0000 0.9751 -0.2216
vn -0.1040 0.9694 -0.2222
vn -0.2414 0.9446 -0.2223
vn -0.3890 0.8945 -0.2204
vn -0.5338 0.8176 -0.2156
vn -0.6643 0.7179 -0.2080
vn -0.7725 0.6033 -0.1983
vn -0.8554 0.4827 -0.1878
vn -0.9144 0.3639 -0.1775
vn -0.9528 0.2524 -0.1685
vn -0.9752 0.1516 -0.1615
vn -0.9855 0.0645 -0.1568
vn -0.9876 0.0242 -0.1550
vn 0.9973 0.0663 -0.0312
vn 0.9991 0.0250 -0.0329
vn 0.9873 0.1565 -0.0259
vn 0.9653 0.2607 -0.0170
vn 0.9266 0.3760 -0.0046
vn 0.8668 0.4985 0.0109
vn 0.7821 0.6225 0.0286
vn 0.6716 0.7394 0.0469
vn 0.5386 0.8401 0.0641
vn 0.3915 0.9168 0.0784
vn 0.2424 0.9661 0.0887
vn 0.1043 0.9900 0.0946
vn -0.0000 0.9953 0.0964
vn -0.1043 0.9900 0.0946
vn -0.2424 0.9661 0.0887
vn -0.3915 0.9168 0.0784
vn -0.5386 0.8401 0.0641
vn -0.6716 0.7394 0.0469
vn -0.7821 0.6225 0.0286
vn -0.8668 0.4985 0.0109
vn -0.9266 0.3760 -0.0046
vn -0.9653 0.2607 -0.0170
vn -0.9873 0.1565 -0.0259
vn -0.9973 0.0663 -0.0312
vn -0.9991 0.0250 -0.0329
vn 0.9961 0.0738 0.0479
vn 0.9988 0.0278 0.0411
vn 0.9825 0.1733 0.0678
vn 0.9530 0.2860 0.0999
vn 0.9025 0.4064 0.1426
vn 0.8275 0.5274 0.1924
vn 0.7278 0.6407 0.2445
vn 0.6072 0.7383 0.2937
vn 0.4734 0.8145 0.3354
vn 0.3361 0.8673 0.3672
vn 0.2048 0.8986 0.3881
vn 0.0873 0.9127 0.3992
vn -0.0000 0.9155 0.4022
vn -0.0873 0.9127 0.3992
vn -0.2048 0.8986 0.3881
vn -0.3361 0.8673 0.3672
vn -0.4734 0.8145 0.3354
vn -0.6072 0.7383 0.2937
vn -0.7278 0.6407 0.2445
vn -0.8275 0.5274 0.1924
vn -0.9025 0.4064 0.1426
vn -0.9530 0.2860 0.0999
vn -0.9825 0.1733 0.0678
vn -0.9961 0.0738 0.0479
vn -0.9988 0.0278 0.0411
vn 0.9838 0.0909 0.1546
vn 0.9895 0.0345 0.1404
vn 0.9582 0.2102 0.1941
vn 0.9064 0.3375 0.2539
vn 0.8260 0.4599 0.3259
vn 0.7208 0.5662 0.3999
vn 0.6002 0.6490 0.4676
vn 0.4748 0.7076 0.5233
vn 0.3537 0.7450 0.5656
vn 0.2427 0.7661 0.5951
vn 0.1445 0.7763 0.6136
vn 0.0610 0.7798 0.6231
vn -0.0000 0.7801 0.6256
vn -0.0610 0.7798 0.6231
vn -0.1445 0.7763 0.6136
vn -0.2427 0.7661 0.5951
vn -0.3537 0.7450 0.5656
vn -0.4748 0.7076 0.5233
vn -0.6002 0.6490 0.4675
vn -0.7208 0.5662 0.3999
vn -0.8260 0.4599 0.3259
vn -0.9064 0.3375 0.2539
vn -0.9582 0.2102 0.1941
vn -0.9838 0.0909 0.1546
vn -0.9895 0.0345 0.1404
vn 0.9306 0.1280 0.3429
vn 0.9478 0.0500 0.3148
vn 0.8670 0.2807 0.4118
vn 0.7626 0.4139 0.4972
vn 0.6366 0.5106 0.5779
vn 0.5092 0.5708 0.6441
vn 0.3929 0.6032 0.6941
vn 0.2926 0.6175 0.7301
vn 0.2087 0.6215 0.7551
vn 0.1390 0.6203 0.7719
vn 0.0813 0.6175 0.7824
vn 0.0340 0.6149 0.7879
vn -0.0000 0.6138 0.7895
vn -0.0340 0.6149 0.7879
vn -0.0813 0.6175 0.7824
vn -0.1390 0.6203 0.7719
vn -0.2087 0.6215 0.7551
vn -0.2926 0.6175 0.7301
vn -0.3929 0.6032 0.6941
vn -0.5092 0.5708 0.6441
vn -0.6366 0.5106 0.5779
vn -0.7626 0.4139 0.4972
vn -0.8670 0.2807 0.4118
vn -0.9306 0.1280 0.3429
vn -0.9478 0.0500 0.3148
vn 0.5095 0.0884 0.8559
vn 0.5346 0.0358 0.8444
vn 0.4395 0.1815 0.8797
vn 0.3484 0.2452 0.9047
vn 0.2615 0.2771 0.9246
vn 0.1910 0.2878 0.9385
vn 0.1375 0.2876 0.9478
vn 0.0975 0.2829 0.9542
vn 0.0672 0.2771 0.9585
vn 0.0438 0.2719 0.9613
vn 0.0253 0.2677 0.9632
vn 0.0105 0.2652 0.9641
vn -0.0000 0.2643 0.9644
vn -0.0105 0.2652 0.9641
vn -0.0253 0.2677 0.9632
vn -0.0438 0.2718 0.9614
vn -0.0672 0.2771 0.9585
vn -0.0975 0.2829 0.9542
vn -0.1375 0.2876 0.9478
vn -0.1910 0.2878 0.9385
vn -0.2615 0.2771 0.9246
vn -0.3484 0.2452 0.9047
vn -0.4395 0.1815 0.8797
vn -0.5095 0.0884 0.8559
vn -0.5346 0.0358 0.8444
vn 0.0588 0.9983 -0.0000
vn -0.0836 -0.9965 -0.0000
vn -0.0712 -0.0000 0.9975
vn -1.0000 -0.0000 -0.0000
vn -0.1065 -0.0000 -0.9943
vn 1.0000 -0.0000 -0.0000
vn -0.0588 0.9983 -0.0000
vn 0.0836 -0.9965 -0.0000
vn 0.0712 -0.0000 0.9975
vn 0.1065 -0.0000 -0.9943
vn 0.9999 0.0161 -0.0000
vn -0.9999 0.0161 -0.0000
vn -0.0000 -1.0000 -0.0000
vn -0.0000 -0.0751 -0.9972
vn -0.0000 1.0000 -0.0000
vn -0.0000 0.5729 0.8196
vn -0.0363 0.9993 -0.0000
vn 0.0545 -0.9985 -0.0000
vn 0.3417 -0.0000 0.9398
vn 0.0725 -0.0000 -0.9974
vn 0.0363 0.9993 -0.0000
vn -0.0545 -0.9985 -0.0000
vn -0.3417 -0.0000 0.9398
vn -0.0725 -0.0000 -0.9974
vn 0.9368 0.3498 -0.0000
vn -0.9368 -0.3498 -0.0000
vn -0.9368 0.3498 -0.0000
vn 0.9368 -0.3498 -0.0000
vn 0.7125 -0.0000 0.7017
vn 0.7125 0.2400 0.6594
vn -0.7125 0.2400 0.6594
vn -0.7125 -0.0000 0.7017
vn 0.7125 0.4510 0.5375
vn -0.7125 0.4510 0.5375
vn 0.7125 0.6077 0.3508
vn -0.7125 0.6077 0.3508
vn 0.7125 0.6910 0.1218
vn -0.7125 0.6910 0.1218
vn 0.7125 0.6910 -0.1218
vn -0.7125 0.6910 -0.1218
vn 0.7125 0.6077 -0.3508
vn -0.7125 0.6077 -0.3508
vn 0.7125 0.4510 -0.5375
vn -0.7125 0.4510 -0.5375
vn 0.7125 0.2400 -0.6594
vn -0.7125 0.2400 -0.6594
vn 0.7125 -0.0000 -0.7017
vn -0.7125 -0.0000 -0.7017
vn 0.7125 -0.2400 -0.6594
vn -0.7125 -0.2400 -0.6594
vn 0.7125 -0.4510 -0.5375
vn -0.7125 -0.4510 -0.5375
vn 0.7125 -0.6077 -0.3508
vn -0.7125 -0.6077 -0.3508
vn 0.7125 -0.6910 -0.1218
vn -0.7125 -0.6910 -0.1218
vn 0.7125 -0.6910 0.1218
vn -0.7125 -0.6910 0.1218
vn 0.7125 -0.6077 0.3508
vn -0.7125 -0.6077 0.3508
vn 0.7125 -0.4510 0.5375
vn -0.7125 -0.4510 0.5375
vn 0.7125 -0.2400 0.6594
vn -0.7125 -0.2400 0.6594
vn 0.5824 -0.0000 -0.8129
vn 0.5626 0.1507 -0.8129
vn 0.9513 0.2549 -0.1734
vn 0.9849 -0.0000 -0.1733
vn 0.5044 0.2912 -0.8129
vn 0.8529 0.4924 -0.1734
vn 0.4119 0.4119 -0.8128
vn 0.6964 0.6964 -0.1734
vn 0.2912 0.5044 -0.8129
vn 0.4924 0.8529 -0.1734
vn 0.1507 0.5626 -0.8129
vn 0.2549 0.9513 -0.1734
vn -0.0000 0.5824 -0.8129
vn -0.0000 0.9849 -0.1733
vn -0.1507 0.5626 -0.8129
vn -0.2549 0.9513 -0.1734
vn -0.2912 0.5044 -0.8129
vn -0.4924 0.8529 -0.1734
vn -0.4119 0.4119 -0.8128
vn -0.6964 0.6964 -0.1734
vn -0.5044 0.2912 -0.8129
vn -0.8529 0.4924 -0.1734
vn -0.5626 0.1507 -0.8129
vn -0.9513 0.2549 -0.1734
vn -0.5824 -0.0000 -0.8129
vn -0.9849 -0.0000 -0.1733
vn -0.5626 -0.1507 -0.8129
vn -0.9513 -0.2549 -0.1735
vn -0.5044 -0.2912 -0.8129
vn -0.8529 -0.4924 -0.1734
vn -0.4119 -0.4119 -0.8128
vn -0.6964 -0.6964 -0.1734
vn -0.2912 -0.5044 -0.8129
vn -0.4924 -0.8529 -0.1734
vn -0.1507 -0.5626 -0.8129
vn -0.2549 -0.9513 -0.1734
vn -0.0000 -0.5824 -0.8129
vn -0.0000 -0.9849 -0.1733
vn 0.1507 -0.5626 -0.8129
vn 0.2549 -0.9513 -0.1734
vn 0.2912 -0.5044 -0.8129
vn 0.4924 -0.8529 -0.1734
vn 0.4119 -0.4119 -0.8128
vn 0.6964 -0.6964 -0.1734
vn 0.5044 -0.2912 -0.8129
vn 0.8529 -0.4924 -0.1734
vn 0.5626 -0.1507 -0.8129
vn 0.9513 -0.2549 -0.1734
vn 0.9659 0.2588 -0.0008
vn 1.0000 -0.0000 -0.0008
vn 0.8660 0.5000 -0.0008
vn 0.7071 0.7071 -0.0008
vn 0.5000 0.8660 -0.0008
vn 0.2588 0.9659 -0.0008
vn -0.0000 1.0000 -0.0008
vn -0.2588 0.9659 -0.0008
vn -0.5000 0.8660 -0.0008
vn -0.7071 0.7071 -0.0008
vn -0.8660 0.5000 -0.0008
vn -0.9659 0.2588 -0.0008
vn -1.0000 -0.0000 -0.0008
vn -0.9659 -0.2588 -0.0008
vn -0.8660 -0.5000 -0.0008
vn -0.7071 -0.7071 -0.0008
vn -0.5000 -0.8660 -0.0008
vn -0.2588 -0.9659 -0.0008
vn -0.0000 -1.0000 -0.0008
vn 0.2588 -0.9659 -0.0008
vn 0.5000 -0.8660 -0.0008
vn 0.7071 -0.7071 -0.0008
vn 0.8660 -0.5000 -0.0008
vn 0.9659 -0.2588 -0.0008
vn 0.9629 0.2580 0.0787
vn 0.9969 -0.0000 0.0787
vn 0.8634 0.4984 0.0783
vn 0.7049 0.7049 0.0783
vn 0.4984 0.8634 0.0787
vn 0.2580 0.9629 0.0787
vn -0.0000 0.9969 0.0787
vn -0.2580 0.9629 0.0787
vn -0.4984 0.8634 0.0783
vn -0.7049 0.7049 0.0783
vn -0.8634 0.4984 0.0783
vn -0.9630 0.2580 0.0783
vn -0.9969 -0.0000 0.0787
vn -0.9629 -0.2580 0.0787
vn -0.8634 -0.4984 0.0787
vn -0.7049 -0.7049 0.0783
vn -0.4984 -0.8634 0.0787
vn -0.2580 -0.9630 0.0783
vn -0.0000 -0.9969 0.0787
vn 0.2580 -0.9630 0.0783
vn 0.4984 -0.8634 0.0787
vn 0.7049 -0.7049 0.0787
vn 0.8634 -0.4984 0.0787
vn 0.9629 -0.2580 0.0787
vn 0.9395 0.2517 0.2325
vn 0.9726 -0.0000 0.2325
vn 0.8423 0.4863 0.2325
vn 0.6877 0.6877 0.2325
vn 0.4863 0.8423 0.2325
vn 0.2517 0.9395 0.2325
vn -0.0000 0.9726 0.2325
vn -0.2517 0.9395 0.2325
vn -0.4863 0.8423 0.2325
vn -0.6877 0.6877 0.2325
vn -0.8423 0.4863 0.2325
vn -0.9395 0.2517 0.2325
vn -0.9726 -0.0000 0.2325
vn -0.9395 -0.2517 0.2325
vn -0.8423 -0.4863 0.2325
vn -0.6877 -0.6877 0.2325
vn -0.4863 -0.8423 0.2325
vn -0.2517 -0.9395 0.2325
vn -0.0000 -0.9726 0.2325
vn 0.2517 -0.9395 0.2324
vn 0.4863 -0.8423 0.2325
vn 0.6877 -0.6877 0.2325
vn 0.8423 -0.4863 0.2325
vn 0.9395 -0.2517 0.2325
vn 0.8745 0.2343 0.4247
vn 0.9053 -0.0000 0.4247
vn 0.7840 0.4527 0.4247
vn 0.6402 0.6402 0.4247
vn 0.4527 0.7840 0.4247
vn 0.2343 0.8745 0.4247
vn -0.0000 0.9053 0.4247
vn -0.2343 0.8745 0.4247
vn -0.4527 0.7840 0.4247
vn -0.6402 0.6402 0.4247
vn -0.7840 0.4527 0.4247
vn -0.8745 0.2343 0.4247
vn -0.9053 -0.0000 0.4247
vn -0.8745 -0.2343 0.4247
vn -0.7840 -0.4527 0.4247
vn -0.6402 -0.6402 0.4247
vn -0.4527 -0.7840 0.4247
vn -0.2343 -0.8745 0.4247
vn -0.0000 -0.9053 0.4247
vn 0.2343 -0.8745 0.4247
vn 0.4527 -0.7840 0.4247
vn 0.6402 -0.6402 0.4247
vn 0.7840 -0.4527 0.4247
vn 0.8745 -0.2343 0.4247
vn 0.7171 0.1921 0.6700
vn 0.7424 -0.0000 0.6700
vn 0.6429 0.3712 0.6700
vn 0.5249 0.5249 0.6700
vn 0.3712 0.6429 0.6700
vn 0.1921 0.7171 0.6700
vn -0.0000 0.7424 0.6700
vn -0.1921 0.7171 0.6700
vn -0.3712 0.6429 0.6700
vn -0.5249 0.5249 0.6700
vn -0.6429 0.3712 0.6700
vn -0.7171 0.1921 0.6700
vn -0.7424 -0.0000 0.6700
vn -0.7171 -0.1921 0.6700
vn -0.6429 -0.3712 0.6700
vn -0.5249 -0.5249 0.6700
vn -0.3712 -0.6429 0.6700
vn -0.1921 -0.7171 0.6700
vn -0.0000 -0.7424 0.6700
vn 0.1921 -0.7171 0.6700
vn 0.3712 -0.6429 0.6700
vn 0.5249 -0.5249 0.6700
vn 0.6429 -0.3712 0.6700
vn 0.7171 -0.1921 0.6700
vn 0.6964 0.6964 -0.1733
vn -0.9513 -0.2549 -0.1734
vn 0.9513 -0.2549 -0.1735
vn 0.9630 0.2580 0.0783
vn 0.4984 0.8634 0.0783
vn -0.4984 0.8634 0.0787
vn -0.8634 0.4984 0.0787
vn -0.9629 0.2580 0.0787
vn -0.8633 -0.4984 0.0788
vn -0.4984 -0.8634 0.0783
vn 0.7049 -0.7049 0.0783
vn 0.9395 0.2517 0.2324
vn -0.2517 -0.9395 0.2324
vn 0.2517 -0.9395 0.2325
vt 0.556560 0.260010
vt 0.556560 0.273570
vt 0.595900 0.278730
vt 0.595900 0.260010
vt 0.556560 0.290750
vt 0.595900 0.302390
vt 0.556560 0.309900
vt 0.595900 0.328730
vt 0.556560 0.330390
vt 0.595900 0.356760
vt 0.556560 0.351230
vt 0.595900 0.384950
vt 0.556560 0.370990
vt 0.595900 0.411140
vt 0.556560 0.387840
vt 0.595900 0.432880
vt 0.556560 0.400150
vt 0.595900 0.448180
vt 0.556560 0.407080
vt 0.595900 0.456400
vt 0.556560 0.409060
vt 0.595900 0.458500
vt 0.556560 0.246620
vt 0.595900 0.241450
vt 0.556560 0.230140
vt 0.595900 0.218360
vt 0.556560 0.212390
vt 0.595900 0.193170
vt 0.556560 0.194160
vt 0.595900 0.166990
vt 0.556560 0.176400
vt 0.595900 0.141310
vt 0.556560 0.160270
vt 0.595900 0.117990
vt 0.556560 0.147000
vt 0.595900 0.098970
vt 0.556560 0.137530
vt 0.595900 0.085690
vt 0.556560 0.132230
vt 0.595900 0.078520
vt 0.556560 0.130700
vt 0.595900 0.076640
vt 0.648360 0.279700
vt 0.648360 0.260010
vt 0.648360 0.304500
vt 0.648360 0.331880
vt 0.648360 0.360590
vt 0.648360 0.388890
vt 0.648360 0.414540
vt 0.648360 0.435280
vt 0.648360 0.449550
vt 0.648360 0.457080
vt 0.648360 0.458990
vt 0.648360 0.240480
vt 0.648360 0.216230
vt 0.648360 0.189960
vt 0.648360 0.162980
vt 0.648360 0.136930
vt 0.648360 0.113760
vt 0.648360 0.095250
vt 0.648360 0.082570
vt 0.648360 0.075810
vt 0.648360 0.074060
vt 0.707380 0.280700
vt 0.707380 0.260010
vt 0.707380 0.306620
vt 0.707380 0.334960
vt 0.707380 0.364250
vt 0.707380 0.392540
vt 0.707380 0.417610
vt 0.707380 0.437420
vt 0.707380 0.450780
vt 0.707380 0.457740
vt 0.707380 0.459480
vt 0.707380 0.239410
vt 0.707380 0.213800
vt 0.707380 0.186080
vt 0.707380 0.157720
vt 0.707380 0.130590
vt 0.707380 0.106740
vt 0.707380 0.087960
vt 0.707380 0.075280
vt 0.707380 0.068640
vt 0.707380 0.066950
vt 0.766390 0.281650
vt 0.766390 0.260000
vt 0.766390 0.308630
vt 0.766390 0.337840
vt 0.766390 0.367590
vt 0.766390 0.395810
vt 0.766390 0.420290
vt 0.766390 0.439230
vt 0.766390 0.451790
vt 0.766390 0.458250
vt 0.766390 0.459850
vt 0.766390 0.238380
vt 0.766390 0.211490
vt 0.766390 0.182440
vt 0.766390 0.152930
vt 0.766390 0.125000
vt 0.766390 0.100790
vt 0.766390 0.082050
vt 0.766390 0.069610
vt 0.766390 0.063210
vt 0.766390 0.061610
vt 0.825410 0.282350
vt 0.825410 0.260000
vt 0.825410 0.310120
vt 0.825410 0.339970
vt 0.825410 0.370040
vt 0.825410 0.398150
vt 0.825410 0.422140
vt 0.825410 0.440430
vt 0.825410 0.452400
vt 0.825410 0.458490
vt 0.825410 0.460000
vt 0.825410 0.237650
vt 0.825410 0.209890
vt 0.825410 0.180050
vt 0.825410 0.149990
vt 0.825410 0.121900
vt 0.825410 0.097910
vt 0.825410 0.079620
vt 0.825410 0.067640
vt 0.825410 0.061540
vt 0.825410 0.060040
vt 0.871310 0.282860
vt 0.871310 0.260000
vt 0.871310 0.311170
vt 0.871310 0.341430
vt 0.871310 0.371620
vt 0.871310 0.399500
vt 0.871310 0.422990
vt 0.871310 0.440670
vt 0.871310 0.452130
vt 0.871310 0.457930
vt 0.871310 0.459350
vt 0.871310 0.237140
vt 0.871310 0.208830
vt 0.871310 0.178570
vt 0.871310 0.148380
vt 0.871310 0.120500
vt 0.871310 0.097010
vt 0.871310 0.079330
vt 0.871310 0.067870
vt 0.871310 0.062070
vt 0.871310 0.060650
vt 0.900820 0.282980
vt 0.900820 0.260000
vt 0.900820 0.311380
vt 0.900820 0.341570
vt 0.900820 0.371480
vt 0.900820 0.398870
vt 0.900820 0.421750
vt 0.900820 0.438860
vt 0.900820 0.449920
vt 0.900820 0.455530
vt 0.900820 0.456930
vt 0.900820 0.237020
vt 0.900820 0.208620
vt 0.900820 0.178430
vt 0.900820 0.148520
vt 0.900820 0.121130
vt 0.900820 0.098250
vt 0.900820 0.081140
vt 0.900820 0.070080
vt 0.900820 0.064470
vt 0.900820 0.063070
vt 0.918520 0.281310
vt 0.918520 0.260000
vt 0.918520 0.307540
vt 0.918520 0.335300
vt 0.918520 0.362710
vt 0.918520 0.387810
vt 0.918520 0.408910
vt 0.918520 0.424890
vt 0.918520 0.435440
vt 0.918520 0.440970
vt 0.918520 0.442450
vt 0.918520 0.238690
vt 0.918520 0.212460
vt 0.918520 0.184700
vt 0.918520 0.157290
vt 0.918520 0.132190
vt 0.918520 0.111090
vt 0.918520 0.095110
vt 0.918520 0.084560
vt 0.918520 0.079030
vt 0.918520 0.077550
vt 0.966200 0.750000
vt 0.963980 0.796080
vt 0.927380 0.788190
vt 0.929220 0.750000
vt 0.957350 0.831250
vt 0.921880 0.817350
vt 0.946380 0.861960
vt 0.912790 0.842810
vt 0.931200 0.888850
vt 0.900200 0.865100
vt 0.911970 0.911970
vt 0.884260 0.884260
vt 0.888850 0.931200
vt 0.865100 0.900200
vt 0.861960 0.946380
vt 0.842810 0.912790
vt 0.831250 0.957350
vt 0.817350 0.921880
vt 0.796080 0.963980
vt 0.788190 0.927380
vt 0.750000 0.966200
vt 0.750000 0.929220
vt 0.703920 0.963980
vt 0.711810 0.927380
vt 0.668750 0.957350
vt 0.682650 0.921880
vt 0.638040 0.946380
vt 0.657190 0.912790
vt 0.611150 0.931200
vt 0.634900 0.900200
vt 0.588030 0.911970
vt 0.615740 0.884260
vt 0.568800 0.888850
vt 0.599800 0.865100
vt 0.553620 0.861960
vt 0.587210 0.842810
vt 0.542650 0.831250
vt 0.578120 0.817350
vt 0.536020 0.796080
vt 0.572620 0.788190
vt 0.533800 0.750000
vt 0.570780 0.750000
vt 0.536020 0.703920
vt 0.572620 0.711810
vt 0.542650 0.668750
vt 0.578120 0.682650
vt 0.553620 0.638040
vt 0.587210 0.657190
vt 0.568800 0.611150
vt 0.599800 0.634900
vt 0.588030 0.588030
vt 0.615740 0.615740
vt 0.611150 0.568800
vt 0.634900 0.599800
vt 0.638040 0.553620
vt 0.657190 0.587210
vt 0.668750 0.542650
vt 0.682650 0.578120
vt 0.703920 0.536020
vt 0.711810 0.572620
vt 0.750000 0.533800
vt 0.750000 0.570780
vt 0.796080 0.536020
vt 0.788190 0.572620
vt 0.831250 0.542650
vt 0.817350 0.578120
vt 0.861960 0.553620
vt 0.842810 0.587210
vt 0.888850 0.568800
vt 0.865100 0.599800
vt 0.911970 0.588030
vt 0.884260 0.615740
vt 0.931200 0.611150
vt 0.900200 0.634900
vt 0.946380 0.638040
vt 0.912790 0.657190
vt 0.957350 0.668750
vt 0.921880 0.682650
vt 0.963980 0.703920
vt 0.927380 0.711810
vt 0.873880 0.776680
vt 0.875170 0.750000
vt 0.870040 0.797040
vt 0.863690 0.814820
vt 0.854900 0.830390
vt 0.843770 0.843770
vt 0.830390 0.854900
vt 0.814820 0.863690
vt 0.797040 0.870040
vt 0.776680 0.873880
vt 0.750000 0.875170
vt 0.723320 0.873880
vt 0.702960 0.870040
vt 0.685180 0.863690
vt 0.669610 0.854900
vt 0.656230 0.843770
vt 0.645100 0.830390
vt 0.636310 0.814820
vt 0.629960 0.797040
vt 0.626120 0.776680
vt 0.624830 0.750000
vt 0.626120 0.723320
vt 0.629960 0.702960
vt 0.636310 0.685180
vt 0.645100 0.669610
vt 0.656230 0.656230
vt 0.669610 0.645100
vt 0.685180 0.636310
vt 0.702960 0.629960
vt 0.723320 0.626120
vt 0.750000 0.624830
vt 0.776680 0.626120
vt 0.797040 0.629960
vt 0.814820 0.636310
vt 0.830390 0.645100
vt 0.843770 0.656230
vt 0.854900 0.669610
vt 0.863690 0.685180
vt 0.870040 0.702960
vt 0.873880 0.723320
vt 0.811940 0.763340
vt 0.812580 0.750000
vt 0.810020 0.773520
vt 0.806850 0.782410
vt 0.802450 0.790190
vt 0.796890 0.796890
vt 0.790190 0.802450
vt 0.782410 0.806850
vt 0.773520 0.810020
vt 0.763340 0.811940
vt 0.750000 0.812580
vt 0.736660 0.811940
vt 0.726480 0.810020
vt 0.717590 0.806850
vt 0.709810 0.802450
vt 0.703110 0.796890
vt 0.697550 0.790190
vt 0.693150 0.782410
vt 0.689980 0.773520
vt 0.688060 0.763340
vt 0.687420 0.750000
vt 0.688060 0.736660
vt 0.689980 0.726480
vt 0.693150 0.717590
vt 0.697550 0.709810
vt 0.703110 0.703110
vt 0.709810 0.697550
vt 0.717590 0.693150
vt 0.726480 0.689980
vt 0.736660 0.688060
vt 0.750000 0.687420
vt 0.763340 0.688060
vt 0.773520 0.689980
vt 0.782410 0.693150
vt 0.790190 0.697550
vt 0.796890 0.703110
vt 0.802450 0.709810
vt 0.806850 0.717590
vt 0.810020 0.726480
vt 0.811940 0.736660
vt 0.750000 0.750000
vt 0.553930 0.260000
vt 0.075000 0.100000
vt 0.318080 0.964420
vt 0.300390 0.968400
vt 0.300390 0.904800
vt 0.318080 0.901220
vt 0.279760 0.970800
vt 0.279760 0.906960
vt 0.250000 0.971600
vt 0.250000 0.907680
vt 0.220240 0.970800
vt 0.220240 0.906960
vt 0.199610 0.968400
vt 0.199610 0.904800
vt 0.181920 0.964420
vt 0.181920 0.901220
vt 0.347290 0.889840
vt 0.333620 0.896230
vt 0.330930 0.831330
vt 0.344150 0.826370
vt 0.315880 0.835210
vt 0.298760 0.838000
vt 0.278800 0.839680
vt 0.250000 0.840240
vt 0.221200 0.839680
vt 0.201240 0.838000
vt 0.184120 0.835210
vt 0.166380 0.896230
vt 0.169070 0.831330
vt 0.152710 0.889840
vt 0.155850 0.826370
vt 0.365430 0.813250
vt 0.355650 0.820340
vt 0.348610 0.762560
vt 0.357730 0.758000
vt 0.337880 0.766430
vt 0.325530 0.769620
vt 0.311490 0.772120
vt 0.295510 0.773910
vt 0.276880 0.774990
vt 0.250000 0.775350
vt 0.223120 0.774990
vt 0.204490 0.773910
vt 0.188510 0.772120
vt 0.174470 0.769620
vt 0.162120 0.766430
vt 0.144350 0.820340
vt 0.151390 0.762560
vt 0.134570 0.813250
vt 0.142270 0.758000
vt 0.371130 0.746790
vt 0.365250 0.752760
vt 0.352900 0.710720
vt 0.358150 0.708400
vt 0.346190 0.712760
vt 0.338040 0.714530
vt 0.328460 0.716040
vt 0.317440 0.717280
vt 0.304900 0.718250
vt 0.290640 0.718950
vt 0.274000 0.719370
vt 0.250000 0.719510
vt 0.226000 0.719370
vt 0.209360 0.718950
vt 0.195100 0.718250
vt 0.182560 0.717280
vt 0.171540 0.716040
vt 0.161960 0.714530
vt 0.153810 0.712760
vt 0.134750 0.752760
vt 0.147100 0.710720
vt 0.128870 0.746790
vt 0.141850 0.708400
vt 0.466200 0.652660
vt 0.033800 0.606330
vt 0.033800 0.498230
vt 0.466200 0.467340
vt 0.828690 0.060700
vt 0.815570 0.060700
vt 0.769670 0.060700
vt 0.750000 0.060700
vt 0.828690 0.260000
vt 0.815570 0.260000
vt 0.769670 0.260000
vt 0.750000 0.260000
vt 0.033800 0.227340
vt 0.466200 0.258230
vt 0.466200 0.366330
vt 0.033800 0.412660
vt 0.625410 0.263230
vt 0.559840 0.263230
vt 0.555250 0.263230
vt 0.582790 0.263230
vt 0.625410 0.060000
vt 0.559840 0.060000
vt 0.559840 0.244990
vt 0.555250 0.244990
vt 0.555250 0.460000
vt 0.582790 0.460000
vt 0.582790 0.374570
vt 0.625410 0.374570
vt 0.605740 0.459870
vt 0.579510 0.459870
vt 0.561800 0.459870
vt 0.556560 0.459870
vt 0.556560 0.060300
vt 0.561800 0.060300
vt 0.579510 0.060300
vt 0.605740 0.060300
vt 0.605740 0.260000
vt 0.579510 0.260000
vt 0.561800 0.260000
vt 0.556560 0.260000
vt 0.831970 0.329950
vt 0.825410 0.329950
vt 0.825410 0.190050
vt 0.831970 0.190050
vt 0.831970 0.260000
vt 0.831970 0.060000
vt 0.825410 0.060000
vt 0.831970 0.460000
vt 0.200000 0.100000
vt 0.325000 0.100000
vt 0.325000 0.110550
vt 0.325000 0.117840
vt 0.325000 0.120390
vt 0.325000 0.134470
vt 0.325000 0.128830
vt 0.325000 0.148750
vt 0.325000 0.135310
vt 0.325000 0.159700
vt 0.325000 0.139380
vt 0.325000 0.166590
vt 0.325000 0.140770
vt 0.325000 0.168940
vt 0.325000 0.089450
vt 0.325000 0.082160
vt 0.325000 0.079610
vt 0.325000 0.065530
vt 0.325000 0.071170
vt 0.325000 0.051250
vt 0.325000 0.064690
vt 0.325000 0.040300
vt 0.325000 0.060620
vt 0.325000 0.033410
vt 0.325000 0.059230
vt 0.325000 0.031060
vt 0.325000 0.118120
vt 0.325000 0.135000
vt 0.325000 0.149500
vt 0.325000 0.160620
vt 0.325000 0.167610
vt 0.325000 0.170000
vt 0.325000 0.081880
vt 0.325000 0.065000
vt 0.325000 0.050500
vt 0.325000 0.039380
vt 0.325000 0.032390
vt 0.325000 0.030000
vt 0.325000 0.118060
vt 0.325000 0.134890
vt 0.325000 0.149340
vt 0.325000 0.160430
vt 0.325000 0.167410
vt 0.325000 0.169780
vt 0.325000 0.081940
vt 0.325000 0.065110
vt 0.325000 0.050660
vt 0.325000 0.039570
vt 0.325000 0.032590
vt 0.325000 0.030220
vt 0.831970 0.311600
vt 0.841800 0.310350
vt 0.841800 0.260000
vt 0.831970 0.359690
vt 0.841800 0.357260
vt 0.831970 0.400980
vt 0.841800 0.397550
vt 0.831970 0.432670
vt 0.841800 0.428460
vt 0.831970 0.452590
vt 0.841800 0.447890
vt 0.831970 0.459380
vt 0.841800 0.454520
vt 0.831970 0.208400
vt 0.841800 0.209650
vt 0.831970 0.160310
vt 0.841800 0.162740
vt 0.831970 0.119020
vt 0.841800 0.122450
vt 0.831970 0.087330
vt 0.841800 0.091540
vt 0.831970 0.067410
vt 0.841800 0.072110
vt 0.831970 0.060620
vt 0.841800 0.065480
vt 0.854920 0.306860
vt 0.854920 0.260000
vt 0.854920 0.350530
vt 0.854920 0.388030
vt 0.854920 0.416810
vt 0.854920 0.434900
vt 0.854920 0.441070
vt 0.854920 0.213140
vt 0.854920 0.169470
vt 0.854920 0.131970
vt 0.854920 0.103190
vt 0.854920 0.085100
vt 0.854920 0.078930
vt 0.864750 0.298430
vt 0.864750 0.260000
vt 0.864750 0.334240
vt 0.864750 0.364990
vt 0.864750 0.388580
vt 0.864750 0.403420
vt 0.864750 0.408480
vt 0.864750 0.221570
vt 0.864750 0.185760
vt 0.864750 0.155010
vt 0.864750 0.131420
vt 0.864750 0.116580
vt 0.864750 0.111520
vt 0.868690 0.260000
vt 0.437500 0.100000
s 1
usemtl Material.001
f 1/1/1 2/2/2 42/3/3 41/4/4
f 2/2/2 3/5/5 43/6/6 42/3/3
f 3/5/5 4/7/7 44/8/8 43/6/6
f 4/7/7 5/9/9 45/10/10 44/8/8
f 5/9/9 6/11/11 46/12/12 45/10/10
f 6/11/11 7/13/13 47/14/14 46/12/12
f 7/13/13 8/15/15 48/16/16 47/14/14
f 8/15/15 9/17/17 49/18/18 48/16/16
f 9/17/17 10/19/19 50/20/20 49/18/18
f 10/19/19 11/21/21 51/22/22 50/20/20
f 11/21/21 12/19/23 52/20/24 51/22/22
f 12/19/23 13/17/25 53/18/26 52/20/24
f 13/17/25 14/15/27 54/16/28 53/18/26
f 14/15/27 15/13/29 55/14/30 54/16/28
f 15/13/29 16/11/31 56/12/32 55/14/30
f 16/11/31 17/9/33 57/10/34 56/12/32
f 17/9/33 18/7/35 58/8/36 57/10/34
f 18/7/35 19/5/37 59/6/38 58/8/36
f 19/5/37 20/2/39 60/3/40 59/6/38
f 20/2/39 21/1/41 61/4/42 60/3/40
f 21/1/41 22/23/43 62/24/44 61/4/42
f 22/23/43 23/25/45 63/26/46 62/24/44
f 23/25/45 24/27/47 64/28/48 63/26/46
f 24/27/47 25/29/49 65/30/50 64/28/48
f 25/29/49 26/31/51 66/32/52 65/30/50
f 26/31/51 27/33/53 67/34/54 66/32/52
f 27/33/53 28/35/55 68/36/56 67/34/54
f 28/35/55 29/37/57 69/38/58 68/36/56
f 29/37/57 30/39/59 70/40/60 69/38/58
f 30/39/59 31/41/61 71/42/62 70/40/60
f 31/41/61 32/39/63 72/40/64 71/42/62
f 32/39/63 33/37/65 73/38/66 72/40/64
f 33/37/65 34/35/67 74/36/68 73/38/66
f 34/35/67 35/33/69 75/34/70 74/36/68
f 35/33/69 36/31/71 76/32/72 75/34/70
f 36/31/71 37/29/73 77/30/74 76/32/72
f 37/29/73 38/27/75 78/28/76 77/30/74
f 38/27/75 39/25/77 79/26/78 78/28/76
f 39/25/77 40/23/79 80/24/80 79/26/78
f 40/23/79 1/1/1 41/4/4 80/24/80
f 41/4/4 42/3/3 82/43/81 81/44/82
f 42/3/3 43/6/6 83/45/83 82/43/81
f 43/6/6 44/8/8 84/46/84 83/45/83
f 44/8/8 45/10/10 85/47/85 84/46/84
f 45/10/10 46/12/12 86/48/86 85/47/85
f 46/12/12 47/14/14 87/49/87 86/48/86
f 47/14/14 48/16/16 88/50/88 87/49/87
f 48/16/16 49/18/18 89/51/89 88/50/88
f 49/18/18 50/20/20 90/52/90 89/51/89
f 50/20/20 51/22/22 91/53/91 90/52/90
f 51/22/22 52/20/24 92/52/92 91/53/91
f 52/20/24 53/18/26 93/51/93 92/52/92
f 53/18/26 54/16/28 94/50/94 93/51/93
f 54/16/28 55/14/30 95/49/95 94/50/94
f 55/14/30 56/12/32 96/48/96 95/49/95
f 56/12/32 57/10/34 97/47/97 96/48/96
f 57/10/34 58/8/36 98/46/98 97/47/97
f 58/8/36 59/6/38 99/45/99 98/46/98
f 59/6/38 60/3/40 100/43/100 99/45/99
f 60/3/40 61/4/42 101/44/101 100/43/100
f 61/4/42 62/24/44 102/54/102 101/44/101
f 62/24/44 63/26/46 103/55/103 102/54/102
f 63/26/46 64/28/48 104/56/104 103/55/103
f 64/28/48 65/30/50 105/57/105 104/56/104
f 65/30/50 66/32/52 106/58/106 105/57/105
f 66/32/52 67/34/54 107/59/107 106/58/106
f 67/34/54 68/36/56 108/60/108 107/59/107
f 68/36/56 69/38/58 109/61/109 108/60/108
f 69/38/58 70/40/60 110/62/110 109/61/109
f 70/40/60 71/42/62 111/63/111 110/62/110
f 71/42/62 72/40/64 112/62/112 111/63/111
f 72/40/64 73/38/66 113/61/113 112/62/112
f 73/38/66 74/36/68 114/60/114 113/61/113
f 74/36/68 75/34/70 115/59/115 114/60/114
f 75/34/70 76/32/72 116/58/116 115/59/115
f 76/32/72 77/30/74 117/57/117 116/58/116
f 77/30/74 78/28/76 118/56/118 117/57/117
f 78/28/76 79/26/78 119/55/119 118/56/118
f 79/26/78 80/24/80 120/54/120 119/55/119
f 80/24/80 41/4/4 81/44/82 120/54/120
f 81/44/82 82/43/81 122/64/121 121/65/122
f 82/43/81 83/45/83 123/66/123 122/64/121
f 83/45/83 84/46/84 124/67/124 123/66/123
f 84/46/84 85/47/85 125/68/125 124/67/124
f 85/47/85 86/48/86 126/69/126 125/68/125
f 86/48/86 87/49/87 127/70/127 126/69/126
f 87/49/87 88/50/88 128/71/128 127/70/127
f 88/50/88 89/51/89 129/72/129 128/71/128
f 89/51/89 90/52/90 130/73/130 129/72/129
f 90/52/90 91/53/91 131/74/131 130/73/130
f 91/53/91 92/52/92 132/73/132 131/74/131
f 92/52/92 93/51/93 133/72/133 132/73/132
f 93/51/93 94/50/94 134/71/134 133/72/133
f 94/50/94 95/49/95 135/70/135 134/71/134
f 95/49/95 96/48/96 136/69/136 135/70/135
f 96/48/96 97/47/97 137/68/137 136/69/136
f 97/47/97 98/46/98 138/67/138 137/68/137
f 98/46/98 99/45/99 139/66/139 138/67/138
f 99/45/99 100/43/100 140/64/140 139/66/139
f 100/43/100 101/44/101 141/65/141 140/64/140
f 101/44/101 102/54/102 142/75/142 141/65/141
f 102/54/102 103/55/103 143/76/143 142/75/142
f 103/55/103 104/56/104 144/77/144 143/76/143
f 104/56/104 105/57/105 145/78/145 144/77/144
f 105/57/105 106/58/106 146/79/146 145/78/145
f 106/58/106 107/59/107 147/80/147 146/79/146
f 107/59/107 108/60/108 148/81/148 147/80/147
f 108/60/108 109/61/109 149/82/149 148/81/148
f 109/61/109 110/62/110 150/83/150 149/82/149
f 110/62/110 111/63/111 151/84/151 150/83/150
f 111/63/111 112/62/112 152/83/152 151/84/151
f 112/62/112 113/61/113 153/82/153 152/83/152
f 113/61/113 114/60/114 154/81/154 153/82/153
f 114/60/114 115/59/115 155/80/155 154/81/154
f 115/59/115 116/58/116 156/79/156 155/80/155
f 116/58/116 117/57/117 157/78/157 156/79/156
f 117/57/117 118/56/118 158/77/158 157/78/157
f 118/56/118 119/55/119 159/76/159 158/77/158
f 119/55/119 120/54/120 160/75/160 159/76/159
f 120/54/120 81/44/82 121/65/122 160/75/160
f 121/65/122 122/64/121 162/85/161 161/86/162
f 122/64/121 123/66/123 163/87/163 162/85/161
f 123/66/123 124/67/124 164/88/164 163/87/163
f 124/67/124 125/68/125 165/89/165 164/88/164
f 125/68/125 126/69/126 166/90/166 165/89/165
f 126/69/126 127/70/127 167/91/167 166/90/166
f 127/70/127 128/71/128 168/92/168 167/91/167
f 128/71/128 129/72/129 169/93/169 168/92/168
f 129/72/129 130/73/130 170/94/170 169/93/169
f 130/73/130 131/74/131 171/95/171 170/94/170
f 131/74/131 132/73/132 172/94/172 171/95/171
f 132/73/132 133/72/133 173/93/173 172/94/172
f 133/72/133 134/71/134 174/92/174 173/93/173
f 134/71/134 135/70/135 175/91/175 174/92/174
f 135/70/135 136/69/136 176/90/176 175/91/175
f 136/69/136 137/68/137 177/89/177 176/90/176
f 137/68/137 138/67/138 178/88/178 177/89/177
f 138/67/138 139/66/139 179/87/179 178/88/178
f 139/66/139 140/64/140 180/85/180 179/87/179
f 140/64/140 141/65/141 181/86/181 180/85/180
f 141/65/141 142/75/142 182/96/182 181/86/181
f 142/75/142 143/76/143 183/97/183 182/96/182
f 143/76/143 144/77/144 184/98/184 183/97/183
f 144/77/144 145/78/145 185/99/185 184/98/184
f 145/78/145 146/79/146 186/100/186 185/99/185
f 146/79/146 147/80/147 187/101/187 186/100/186
f 147/80/147 148/81/148 188/102/188 187/101/187
f 148/81/148 149/82/149 189/103/189 188/102/188
f 149/82/149 150/83/150 190/104/190 189/103/189
f 150/83/150 151/84/151 191/105/191 190/104/190
f 151/84/151 152/83/152 192/104/192 191/105/191
f 152/83/152 153/82/153 193/103/193 192/104/192
f 153/82/153 154/81/154 194/102/194 193/103/193
f 154/81/154 155/80/155 195/101/195 194/102/194
f 155/80/155 156/79/156 196/100/196 195/101/195
f 156/79/156 157/78/157 197/99/197 196/100/196
f 157/78/157 158/77/158 198/98/198 197/99/197
f 158/77/158 159/76/159 199/97/199 198/98/198
f 159/76/159 160/75/160 200/96/200 199/97/199
f 160/75/160 121/65/122 161/86/162 200/96/200
f 161/86/162 162/85/161 202/106/201 201/107/202
f 162/85/161 163/87/163 203/108/203 202/106/201
f 163/87/163 164/88/164 204/109/204 203/108/203
f 164/88/164 165/89/165 205/110/205 204/109/204
f 165/89/165 166/90/166 206/111/206 205/110/205
f 166/90/166 167/91/167 207/112/207 206/111/206
f 167/91/167 168/92/168 208/113/208 207/112/207
f 168/92/168 169/93/169 209/114/209 208/113/208
f 169/93/169 170/94/170 210/115/210 209/114/209
f 170/94/170 171/95/171 211/116/211 210/115/210
f 171/95/171 172/94/172 212/115/212 211/116/211
f 172/94/172 173/93/173 213/114/213 212/115/212
f 173/93/173 174/92/174 214/113/214 213/114/213
f 174/92/174 175/91/175 215/112/215 214/113/214
f 175/91/175 176/90/176 216/111/216 215/112/215
f 176/90/176 177/89/177 217/110/217 216/111/216
f 177/89/177 178/88/178 218/109/218 217/110/217
f 178/88/178 179/87/179 219/108/219 218/109/218
f 179/87/179 180/85/180 220/106/220 219/108/219
f 180/85/180 181/86/181 221/107/221 220/106/220
f 181/86/181 182/96/182 222/117/222 221/107/221
f 182/96/182 183/97/183 223/118/223 222/117/222
f 183/97/183 184/98/184 224/119/224 223/118/223
f 184/98/184 185/99/185 225/120/225 224/119/224
f 185/99/185 186/100/186 226/121/226 225/120/225
f 186/100/186 187/101/187 227/122/227 226/121/226
f 187/101/187 188/102/188 228/123/228 227/122/227
f 188/102/188 189/103/189 229/124/229 228/123/228
f 189/103/189 190/104/190 230/125/230 229/124/229
f 190/104/190 191/105/191 231/126/231 230/125/230
f 191/105/191 192/104/192 232/125/232 231/126/231
f 192/104/192 193/103/193 233/124/233 232/125/232
f 193/103/193 194/102/194 234/123/234 233/124/233
f 194/102/194 195/101/195 235/122/235 234/123/234
f 195/101/195 196/100/196 236/121/236 235/122/235
f 196/100/196 197/99/197 237/120/237 236/121/236
f 197/99/197 198/98/198 238/119/238 237/120/237
f 198/98/198 199/97/199 239/118/239 238/119/238
f 199/97/199 200/96/200 240/117/240 239/118/239
f 200/96/200 161/86/162 201/107/202 240/117/240
f 201/107/202 202/106/201 242/127/241 241/128/242
f 202/106/201 203/108/203 243/129/243 242/127/241
f 203/108/203 204/109/204 244/130/244 243/129/243
f 204/109/204 205/110/205 245/131/245 244/130/244
f 205/110/205 206/111/206 246/132/246 245/131/245
f 206/111/206 207/112/207 247/133/247 246/132/246
f 207/112/207 208/113/208 248/134/248 247/133/247
f 208/113/208 209/114/209 249/135/249 248/134/248
f 209/114/209 210/115/210 250/136/250 249/135/249
f 210/115/210 211/116/211 251/137/251 250/136/250
f 211/116/211 212/115/212 252/136/252 251/137/251
f 212/115/212 213/114/213 253/135/253 252/136/252
f 213/114/213 214/113/214 254/134/254 253/135/253
f 214/113/214 215/112/215 255/133/255 254/134/254
f 215/112/215 216/111/216 256/132/256 255/133/255
f 216/111/216 217/110/217 257/131/257 256/132/256
f 217/110/217 218/109/218 258/130/258 257/131/257
f 218/109/218 219/108/219 259/129/259 258/130/258
f 219/108/219 220/106/220 260/127/260 259/129/259
f 220/106/220 221/107/221 261/128/261 260/127/260
f 221/107/221 222/117/222 262/138/262 261/128/261
f 222/117/222 223/118/223 263/139/263 262/138/262
f 223/118/223 224/119/224 264/140/264 263/139/263
f 224/119/224 225/120/225 265/141/265 264/140/264
f 225/120/225 226/121/226 266/142/266 265/141/265
f 226/121/226 227/122/227 267/143/267 266/142/266
f 227/122/227 228/123/228 268/144/268 267/143/267
f 228/123/228 229/124/229 269/145/269 268/144/268
f 229/124/229 230/125/230 270/146/270 269/145/269
f 230/125/230 231/126/231 271/147/271 270/146/270
f 231/126/231 232/125/232 272/146/272 271/147/271
f 232/125/232 233/124/233 273/145/273 272/146/272
f 233/124/233 234/123/234 274/144/274 273/145/273
f 234/123/234 235/122/235 275/143/275 274/144/274
f 235/122/235 236/121/236 276/142/276 275/143/275
f 236/121/236 237/120/237 277/141/277 276/142/276
f 237/120/237 238/119/238 278/140/278 277/141/277
f 238/119/238 239/118/239 279/139/279 278/140/278
f 239/118/239 240/117/240 280/138/280 279/139/279
f 240/117/240 201/107/202 241/128/242 280/138/280
f 241/128/242 242/127/241 282/148/281 281/149/282
f 242/127/241 243/129/243 283/150/283 282/148/281
f 243/129/243 244/130/244 284/151/284 283/150/283
f 244/130/244 245/131/245 285/152/285 284/151/284
f 245/131/245 246/132/246 286/153/286 285/152/285
f 246/132/246 247/133/247 287/154/287 286/153/286
f 247/133/247 248/134/248 288/155/288 287/154/287
f 248/134/248 249/135/249 289/156/289 288/155/288
f 249/135/249 250/136/250 290/157/290 289/156/289
f 250/136/250 251/137/251 291/158/291 290/157/290
f 251/137/251 252/136/252 292/157/292 291/158/291
f 252/136/252 253/135/253 293/156/293 292/157/292
f 253/135/253 254/134/254 294/155/294 293/156/293
f 254/134/254 255/133/255 295/154/295 294/155/294
f 255/133/255 256/132/256 296/153/296 295/154/295
f 256/132/256 257/131/257 297/152/297 296/153/296
f 257/131/257 258/130/258 298/151/298 297/152/297
f 258/130/258 259/129/259 299/150/299 298/151/298
f 259/129/259 260/127/260 300/148/300 299/150/299
f 260/127/260 261/128/261 301/149/301 300/148/300
f 261/128/261 262/138/262 302/159/302 301/149/301
f 262/138/262 263/139/263 303/160/303 302/159/302
f 263/139/263 264/140/264 304/161/304 303/160/303
f 264/140/264 265/141/265 305/162/305 304/161/304
f 265/141/265 266/142/266 306/163/306 305/162/305
f 266/142/266 267/143/267 307/164/307 306/163/306
f 267/143/267 268/144/268 308/165/308 307/164/307
f 268/144/268 269/145/269 309/166/309 308/165/308
f 269/145/269 270/146/270 310/167/310 309/166/309
f 270/146/270 271/147/271 311/168/311 310/167/310
f 271/147/271 272/146/272 312/167/312 311/168/311
f 272/146/272 273/145/273 313/166/313 312/167/312
f 273/145/273 274/144/274 314/165/314 313/166/313
f 274/144/274 275/143/275 315/164/315 314/165/314
f 275/143/275 276/142/276 316/163/316 315/164/315
f 276/142/276 277/141/277 317/162/317 316/163/316
f 277/141/277 278/140/278 318/161/318 317/162/317
f 278/140/278 279/139/279 319/160/319 318/161/318
f 279/139/279 280/138/280 320/159/320 319/160/319
f 280/138/280 241/128/242 281/149/282 320/159/320
f 281/149/282 282/148/281 322/169/321 321/170/322
f 282/148/281 283/150/283 323/171/323 322/169/321
f 283/150/283 284/151/284 324/172/324 323/171/323
f 284/151/284 285/152/285 325/173/325 324/172/324
f 285/152/285 286/153/286 326/174/326 325/173/325
f 286/153/286 287/154/287 327/175/327 326/174/326
f 287/154/287 288/155/288 328/176/328 327/175/327
f 288/155/288 289/156/289 329/177/329 328/176/328
f 289/156/289 290/157/290 330/178/330 329/177/329
f 290/157/290 291/158/291 331/179/331 330/178/330
f 291/158/291 292/157/292 332/178/332 331/179/331
f 292/157/292 293/156/293 333/177/333 332/178/332
f 293/156/293 294/155/294 334/176/334 333/177/333
f 294/155/294 295/154/295 335/175/335 334/176/334
f 295/154/295 296/153/296 336/174/336 335/175/335
f 296/153/296 297/152/297 337/173/337 336/174/336
f 297/152/297 298/151/298 338/172/338 337/173/337
f 298/151/298 299/150/299 339/171/339 338/172/338
f 299/150/299 300/148/300 340/169/340 339/171/339
f 300/148/300 301/149/301 341/170/341 340/169/340
f 301/149/301 302/159/302 342/180/342 341/170/341
f 302/159/302 303/160/303 343/181/343 342/180/342
f 303/160/303 304/161/304 344/182/344 343/181/343
f 304/161/304 305/162/305 345/183/345 344/182/344
f 305/162/305 306/163/306 346/184/346 345/183/345
f 306/163/306 307/164/307 347/185/347 346/184/346
f 307/164/307 308/165/308 348/186/348 347/185/347
f 308/165/308 309/166/309 349/187/349 348/186/348
f 309/166/309 310/167/310 350/188/350 349/187/349
f 310/167/310 311/168/311 351/189/351 350/188/350
f 311/168/311 312/167/312 352/188/352 351/189/351
f 312/167/312 313/166/313 353/187/353 352/188/352
f 313/166/313 314/165/314 354/186/354 353/187/353
f 314/165/314 315/164/315 355/185/355 354/186/354
f 315/164/315 316/163/316 356/184/356 355/185/355
f 316/163/316 317/162/317 357/183/357 356/184/356
f 317/162/317 318/161/318 358/182/358 357/183/357
f 318/161/318 319/160/319 359/181/359 358/182/358
f 319/160/319 320/159/320 360/180/360 359/181/359
f 320/159/320 281/149/282 321/170/322 360/180/360
f 321/190/322 322/191/321 362/192/361 361/193/362
f 322/191/321 323/194/323 363/195/363 362/192/361
f 323/194/323 324/196/324 364/197/364 363/195/363
f 324/196/324 325/198/325 365/199/365 364/197/364
f 325/198/325 326/200/326 366/201/366 365/199/365
f 326/200/326 327/202/327 367/203/367 366/201/366
f 327/202/327 328/204/328 368/205/368 367/203/367
f 328/204/328 329/206/329 369/207/369 368/205/368
f 329/206/329 330/208/330 370/209/370 369/207/369
f 330/208/330 331/210/331 371/211/371 370/209/370
f 331/210/331 332/212/332 372/213/372 371/211/371
f 332/212/332 333/214/333 373/215/373 372/213/372
f 333/214/333 334/216/334 374/217/374 373/215/373
f 334/216/334 335/218/335 375/219/375 374/217/374
f 335/218/335 336/220/336 376/221/376 375/219/375
f 336/220/336 337/222/337 377/223/377 376/221/376
f 337/222/337 338/224/338 378/225/378 377/223/377
f 338/224/338 339/226/339 379/227/379 378/225/378
f 339/226/339 340/228/340 380/229/380 379/227/379
f 340/228/340 341/230/341 381/231/381 380/229/380
f 341/230/341 342/232/342 382/233/382 381/231/381
f 342/232/342 343/234/343 383/235/383 382/233/382
f 343/234/343 344/236/344 384/237/384 383/235/383
f 344/236/344 345/238/345 385/239/385 384/237/384
f 345/238/345 346/240/346 386/241/386 385/239/385
f 346/240/346 347/242/347 387/243/387 386/241/386
f 347/242/347 348/244/348 388/245/388 387/243/387
f 348/244/348 349/246/349 389/247/389 388/245/388
f 349/246/349 350/248/350 390/249/390 389/247/389
f 350/248/350 351/250/351 391/251/391 390/249/390
f 351/250/351 352/252/352 392/253/392 391/251/391
f 352/252/352 353/254/353 393/255/393 392/253/392
f 353/254/353 354/256/354 394/257/394 393/255/393
f 354/256/354 355/258/355 395/259/395 394/257/394
f 355/258/355 356/260/356 396/261/396 395/259/395
f 356/260/356 357/262/357 397/263/397 396/261/396
f 357/262/357 358/264/358 398/265/398 397/263/397
f 358/264/358 359/266/359 399/267/399 398/265/398
f 359/266/359 360/268/360 400/269/400 399/267/399
f 360/268/360 321/190/322 361/193/362 400/269/400
f 361/193/362 362/192/361 402/270/401 401/271/402
f 362/192/361 363/195/363 403/272/403 402/270/401
f 363/195/363 364/197/364 404/273/404 403/272/403
f 364/197/364 365/199/365 405/274/405 404/273/404
f 365/199/365 366/201/366 406/275/406 405/274/405
f 366/201/366 367/203/367 407/276/407 406/275/406
f 367/203/367 368/205/368 408/277/408 407/276/407
f 368/205/368 369/207/369 409/278/409 408/277/408
f 369/207/369 370/209/370 410/279/410 409/278/409
f 370/209/370 371/211/371 411/280/411 410/279/410
f 371/211/371 372/213/372 412/281/412 411/280/411
f 372/213/372 373/215/373 413/282/413 412/281/412
f 373/215/373 374/217/374 414/283/414 413/282/413
f 374/217/374 375/219/375 415/284/415 414/283/414
f 375/219/375 376/221/376 416/285/416 415/284/415
f 376/221/376 377/223/377 417/286/417 416/285/416
f 377/223/377 378/225/378 418/287/418 417/286/417
f 378/225/378 379/227/379 419/288/419 418/287/418
f 379/227/379 380/229/380 420/289/420 419/288/419
f 380/229/380 381/231/381 421/290/421 420/289/420
f 381/231/381 382/233/382 422/291/422 421/290/421
f 382/233/382 383/235/383 423/292/423 422/291/422
f 383/235/383 384/237/384 424/293/424 423/292/423
f 384/237/384 385/239/385 425/294/425 424/293/424
f 385/239/385 386/241/386 426/295/426 425/294/425
f 386/241/386 387/243/387 427/296/427 426/295/426
f 387/243/387 388/245/388 428/297/428 427/296/427
f 388/245/388 389/247/389 429/298/429 428/297/428
f 389/247/389 390/249/390 430/299/430 429/298/429
f 390/249/390 391/251/391 431/300/431 430/299/430
f 391/251/391 392/253/392 432/301/432 431/300/431
f 392/253/392 393/255/393 433/302/433 432/301/432
f 393/255/393 394/257/394 434/303/434 433/302/433
f 394/257/394 395/259/395 435/304/435 434/303/434
f 395/259/395 396/261/396 436/305/436 435/304/435
f 396/261/396 397/263/397 437/306/437 436/305/436
f 397/263/397 398/265/398 438/307/438 437/306/437
f 398/265/398 399/267/399 439/308/439 438/307/438
f 399/267/399 400/269/400 440/309/440 439/308/439
f 400/269/400 361/193/362 401/271/402 440/309/440
f 401/271/402 402/270/401 442/310/441 441/311/442
f 402/270/401 403/272/403 443/312/443 442/310/441
f 403/272/403 404/273/404 444/313/444 443/312/443
f 404/273/404 405/274/405 445/314/445 444/313/444
f 405/274/405 406/275/406 446/315/446 445/314/445
f 406/275/406 407/276/407 447/316/447 446/315/446
f 407/276/407 408/277/408 448/317/448 447/316/447
f 408/277/408 409/278/409 449/318/449 448/317/448
f 409/278/409 410/279/410 450/319/450 449/318/449
f 410/279/410 411/280/411 451/320/451 450/319/450
f 411/280/411 412/281/412 452/321/452 451/320/451
f 412/281/412 413/282/413 453/322/453 452/321/452
f 413/282/413 414/283/414 454/323/454 453/322/453
f 414/283/414 415/284/415 455/324/455 454/323/454
f 415/284/415 416/285/416 456/325/456 455/324/455
f 416/285/416 417/286/417 457/326/457 456/325/456
f 417/286/417 418/287/418 458/327/458 457/326/457
f 418/287/418 419/288/419 459/328/459 458/327/458
f 419/288/419 420/289/420 460/329/460 459/328/459
f 420/289/420 421/290/421 461/330/461 460/329/460
f 421/290/421 422/291/422 462/331/462 461/330/461
f 422/291/422 423/292/423 463/332/463 462/331/462
f 423/292/423 424/293/424 464/333/464 463/332/463
f 424/293/424 425/294/425 465/334/465 464/333/464
f 425/294/425 426/295/426 466/335/466 465/334/465
f 426/295/426 427/296/427 467/336/467 466/335/466
f 427/296/427 428/297/428 468/337/468 467/336/467
f 428/297/428 429/298/429 469/338/469 468/337/468
f 429/298/429 430/299/430 470/339/470 469/338/469
f 430/299/430 431/300/431 471/340/471 470/339/470
f 431/300/431 432/301/432 472/341/472 471/340/471
f 432/301/432 433/302/433 473/342/473 472/341/472
f 433/302/433 434/303/434 474/343/474 473/342/473
f 434/303/434 435/304/435 475/344/475 474/343/474
f 435/304/435 436/305/436 476/345/476 475/344/475
f 436/305/436 437/306/437 477/346/477 476/345/476
f 437/306/437 438/307/438 478/347/478 477/346/477
f 438/307/438 439/308/439 479/348/479 478/347/478
f 439/308/439 440/309/440 480/349/480 479/348/479
f 440/309/440 401/271/402 441/311/442 480/349/480
f 441/311/442 442/310/441 481/350/481
f 2/2/2 1/1/1 482/351/482
f 442/310/441 443/312/443 481/350/481
f 3/5/5 2/2/2 482/351/482
f 443/312/443 444/313/444 481/350/481
f 4/7/7 3/5/5 482/351/482
f 444/313/444 445/314/445 481/350/481
f 5/9/9 4/7/7 482/351/482
f 445/314/445 446/315/446 481/350/481
f 6/11/11 5/9/9 482/351/482
f 446/315/446 447/316/447 481/350/481
f 7/13/13 6/11/11 482/351/482
f 447/316/447 448/317/448 481/350/481
f 8/15/15 7/13/13 482/351/482
f 448/317/448 449/318/449 481/350/481
f 9/17/17 8/15/15 482/351/482
f 449/318/449 450/319/450 481/350/481
f 10/19/19 9/17/17 482/351/482
f 450/319/450 451/320/451 481/350/481
f 11/21/21 10/19/19 482/351/482
f 451/320/451 452/321/452 481/350/481
f 12/19/23 11/21/21 482/351/482
f 452/321/452 453/322/453 481/350/481
f 13/17/25 12/19/23 482/351/482
f 453/322/453 454/323/454 481/350/481
f 14/15/27 13/17/25 482/351/482
f 454/323/454 455/324/455 481/350/481
f 15/13/29 14/15/27 482/351/482
f 455/324/455 456/325/456 481/350/481
f 16/11/31 15/13/29 482/351/482
f 456/325/456 457/326/457 481/350/481
f 17/9/33 16/11/31 482/351/482
f 457/326/457 458/327/458 481/350/481
f 18/7/35 17/9/33 482/351/482
f 458/327/458 459/328/459 481/350/481
f 19/5/37 18/7/35 482/351/482
f 459/328/459 460/329/460 481/350/481
f 20/2/39 19/5/37 482/351/482
f 460/329/460 461/330/461 481/350/481
f 21/1/41 20/2/39 482/351/482
f 461/330/461 462/331/462 481/350/481
f 22/23/43 21/1/41 482/351/482
f 462/331/462 463/332/463 481/350/481
f 23/25/45 22/23/43 482/351/482
f 463/332/463 464/333/464 481/350/481
f 24/27/47 23/25/45 482/351/482
f 464/333/464 465/334/465 481/350/481
f 25/29/49 24/27/47 482/351/482
f 465/334/465 466/335/466 481/350/481
f 26/31/51 25/29/49 482/351/482
f 466/335/466 467/336/467 481/350/481
f 27/33/53 26/31/51 482/351/482
f 467/336/467 468/337/468 481/350/481
f 28/35/55 27/33/53 482/351/482
f 468/337/468 469/338/469 481/350/481
f 29/37/57 28/35/55 482/351/482
f 469/338/469 470/339/470 481/350/481
f 30/39/59 29/37/57 482/351/482
f 470/339/470 471/340/471 481/350/481
f 31/41/61 30/39/59 482/351/482
f 471/340/471 472/341/472 481/350/481
f 32/39/63 31/41/61 482/351/482
f 472/341/472 473/342/473 481/350/481
f 33/37/65 32/39/63 482/351/482
f 473/342/473 474/343/474 481/350/481
f 34/35/67 33/37/65 482/351/482
f 474/343/474 475/344/475 481/350/481
f 35/33/69 34/35/67 482/351/482
f 475/344/475 476/345/476 481/350/481
f 36/31/71 35/33/69 482/351/482
f 476/345/476 477/346/477 481/350/481
f 37/29/73 36/31/71 482/351/482
f 477/346/477 478/347/478 481/350/481
f 38/27/75 37/29/73 482/351/482
f 478/347/478 479/348/479 481/350/481
f 39/25/77 38/27/75 482/351/482
f 479/348/479 480/349/480 481/350/481
f 40/23/79 39/25/77 482/351/482
f 480/349/480 441/311/442 481/350/481
f 1/1/1 40/23/79 482/351/482
f 483/352/483 484/352/484 509/352/485 508/352/486
f 484/352/484 485/352/487 510/352/488 509/352/485
f 485/352/487 486/352/489 511/352/490 510/352/488
f 486/352/489 487/352/491 512/352/492 511/352/490
f 487/352/491 488/352/493 513/352/494 512/352/492
f 488/352/493 489/352/495 514/352/496 513/352/494
f 489/352/495 490/352/497 515/352/498 514/352/496
f 490/352/497 491/352/499 516/352/500 515/352/498
f 491/352/499 492/352/501 517/352/502 516/352/500
f 492/352/501 493/352/503 518/352/504 517/352/502
f 493/352/503 494/352/505 519/352/506 518/352/504
f 494/352/505 495/352/507 520/352/508 519/352/506
f 495/352/507 496/352/509 521/352/510 520/352/508
f 496/352/509 497/352/511 522/352/512 521/352/510
f 497/352/511 498/352/513 523/352/514 522/352/512
f 498/352/513 499/352/515 524/352/516 523/352/514
f 499/352/515 500/352/517 525/352/518 524/352/516
f 500/352/517 501/352/519 526/352/520 525/352/518
f 501/352/519 502/352/521 527/352/522 526/352/520
f 502/352/521 503/352/523 528/352/524 527/352/522
f 503/352/523 504/352/525 529/352/526 528/352/524
f 504/352/525 505/352/527 530/352/528 529/352/526
f 505/352/527 506/352/529 531/352/530 530/352/528
f 506/352/529 507/352/531 532/352/532 531/352/530
f 508/352/486 509/352/485 534/352/533 533/352/534
f 509/352/485 510/352/488 535/352/535 534/352/533
f 510/352/488 511/352/490 536/352/536 535/352/535
f 511/352/490 512/352/492 537/352/537 536/352/536
f 512/352/492 513/352/494 538/352/538 537/352/537
f 513/352/494 514/352/496 539/352/539 538/352/538
f 514/352/496 515/352/498 540/352/540 539/352/539
f 515/352/498 516/352/500 541/352/541 540/352/540
f 516/352/500 517/352/502 542/352/542 541/352/541
f 517/352/502 518/352/504 543/352/543 542/352/542
f 518/352/504 519/352/506 544/352/544 543/352/543
f 519/352/506 520/352/508 545/352/545 544/352/544
f 520/352/508 521/352/510 546/352/546 545/352/545
f 521/352/510 522/352/512 547/352/547 546/352/546
f 522/352/512 523/352/514 548/352/548 547/352/547
f 523/352/514 524/352/516 549/352/549 548/352/548
f 524/352/516 525/352/518 550/352/550 549/352/549
f 525/352/518 526/352/520 551/352/551 550/352/550
f 526/352/520 527/352/522 552/352/552 551/352/551
f 527/352/522 528/352/524 553/352/553 552/352/552
f 528/352/524 529/352/526 554/352/554 553/352/553
f 529/352/526 530/352/528 555/352/555 554/352/554
f 530/352/528 531/352/530 556/352/556 555/352/555
f 531/352/530 532/352/532 557/352/557 556/352/556
f 533/352/534 534/352/533 559/352/558 558/352/559
f 534/352/533 535/352/535 560/352/560 559/352/558
f 535/352/535 536/352/536 561/352/561 560/352/560
f 536/352/536 537/352/537 562/352/562 561/352/561
f 537/352/537 538/352/538 563/352/563 562/352/562
f 538/352/538 539/352/539 564/352/564 563/352/563
f 539/352/539 540/352/540 565/352/565 564/352/564
f 540/352/540 541/352/541 566/352/566 565/352/565
f 541/352/541 542/352/542 567/352/567 566/352/566
f 542/352/542 543/352/543 568/352/568 567/352/567
f 543/352/543 544/352/544 569/352/569 568/352/568
f 544/352/544 545/352/545 570/352/570 569/352/569
f 545/352/545 546/352/546 571/352/571 570/352/570
f 546/352/546 547/352/547 572/352/572 571/352/571
f 547/352/547 548/352/548 573/352/573 572/352/572
f 548/352/548 549/352/549 574/352/574 573/352/573
f 549/352/549 550/352/550 575/352/575 574/352/574
f 550/352/550 551/352/551 576/352/576 575/352/575
f 551/352/551 552/352/552 577/352/577 576/352/576
f 552/352/552 553/352/553 578/352/578 577/352/577
f 553/352/553 554/352/554 579/352/579 578/352/578
f 554/352/554 555/352/555 580/352/580 579/352/579
f 555/352/555 556/352/556 581/352/581 580/352/580
f 556/352/556 557/352/557 582/352/582 581/352/581
f 558/352/559 559/352/558 584/352/583 583/352/584
f 559/352/558 560/352/560 585/352/585 584/352/583
f 560/352/560 561/352/561 586/352/586 585/352/585
f 561/352/561 562/352/562 587/352/587 586/352/586
f 562/352/562 563/352/563 588/352/588 587/352/587
f 563/352/563 564/352/564 589/352/589 588/352/588
f 564/352/564 565/352/565 590/352/590 589/352/589
f 565/352/565 566/352/566 591/352/591 590/352/590
f 566/352/566 567/352/567 592/352/592 591/352/591
f 567/353/567 568/354/568 593/355/593 592/356/592
f 568/354/568 569/357/569 594/358/594 593/355/593
f 569/357/569 570/359/570 595/360/595 594/358/594
f 570/359/570 571/361/571 596/362/596 595/360/595
f 571/361/571 572/363/572 597/364/597 596/362/596
f 572/363/572 573/365/573 598/366/598 597/364/597
f 573/352/573 574/352/574 599/352/599 598/352/598
f 574/352/574 575/352/575 600/352/600 599/352/599
f 575/352/575 576/352/576 601/352/601 600/352/600
f 576/352/576 577/352/577 602/352/602 601/352/601
f 577/352/577 578/352/578 603/352/603 602/352/602
f 578/352/578 579/352/579 604/352/604 603/352/603
f 579/352/579 580/352/580 605/352/605 604/352/604
f 580/352/580 581/352/581 606/352/606 605/352/605
f 581/352/581 582/352/582 607/352/607 606/352/606
f 583/352/584 584/352/583 609/352/608 608/352/609
f 584/352/583 585/352/585 610/352/610 609/352/608
f 585/352/585 586/352/586 611/352/611 610/352/610
f 586/352/586 587/352/587 612/352/612 611/352/611
f 587/352/587 588/352/588 613/352/613 612/352/612
f 588/352/588 589/352/589 614/352/614 613/352/613
f 589/352/589 590/352/590 615/352/615 614/352/614
f 590/367/590 591/368/591 616/369/616 615/370/615
f 591/368/591 592/356/592 617/371/617 616/369/616
f 592/356/592 593/355/593 618/372/618 617/371/617
f 593/355/593 594/358/594 619/373/619 618/372/618
f 594/358/594 595/360/595 620/374/620 619/373/619
f 595/360/595 596/362/596 621/375/621 620/374/620
f 596/362/596 597/364/597 622/376/622 621/375/621
f 597/364/597 598/366/598 623/377/623 622/376/622
f 598/366/598 599/378/599 624/379/624 623/377/623
f 599/378/599 600/380/600 625/381/625 624/379/624
f 600/352/600 601/352/601 626/352/626 625/352/625
f 601/352/601 602/352/602 627/352/627 626/352/626
f 602/352/602 603/352/603 628/352/628 627/352/627
f 603/352/603 604/352/604 629/352/629 628/352/628
f 604/352/604 605/352/605 630/352/630 629/352/629
f 605/352/605 606/352/606 631/352/631 630/352/630
f 606/352/606 607/352/607 632/352/632 631/352/631
f 608/352/609 609/352/608 634/352/633 633/352/634
f 609/352/608 610/352/610 635/352/635 634/352/633
f 610/352/610 611/352/611 636/352/636 635/352/635
f 611/352/611 612/352/612 637/352/637 636/352/636
f 612/352/612 613/352/613 638/352/638 637/352/637
f 613/382/613 614/383/614 639/384/639 638/385/638
f 614/383/614 615/370/615 640/386/640 639/384/639
f 615/370/615 616/369/616 641/387/641 640/386/640
f 616/369/616 617/371/617 642/388/642 641/387/641
f 617/371/617 618/372/618 643/389/643 642/388/642
f 618/372/618 619/373/619 644/390/644 643/389/643
f 619/373/619 620/374/620 645/391/645 644/390/644
f 620/374/620 621/375/621 646/392/646 645/391/645
f 621/375/621 622/376/622 647/393/647 646/392/646
f 622/376/622 623/377/623 648/394/648 647/393/647
f 623/377/623 624/379/624 649/395/649 648/394/648
f 624/379/624 625/381/625 650/396/650 649/395/649
f 625/381/625 626/397/626 651/398/651 650/396/650
f 626/397/626 627/399/627 652/400/652 651/398/651
f 627/352/627 628/352/628 653/352/653 652/352/652
f 628/352/628 629/352/629 654/352/654 653/352/653
f 629/352/629 630/352/630 655/352/655 654/352/654
f 630/352/630 631/352/631 656/352/656 655/352/655
f 631/352/631 632/352/632 657/352/657 656/352/656
f 633/352/634 634/352/633 659/352/658 658/352/659
f 634/352/633 635/352/635 660/352/660 659/352/658
f 635/352/635 636/352/636 661/352/661 660/352/660
f 636/401/636 637/402/637 662/403/662 661/404/661
f 637/402/637 638/385/638 663/405/663 662/403/662
f 638/385/638 639/384/639 664/406/664 663/405/663
f 639/384/639 640/386/640 665/407/665 664/406/664
f 640/386/640 641/387/641 666/408/666 665/407/665
f 641/387/641 642/388/642 667/409/667 666/408/666
f 642/388/642 643/389/643 668/410/668 667/409/667
f 643/389/643 644/390/644 669/411/669 668/410/668
f 644/390/644 645/391/645 670/412/670 669/411/669
f 645/391/645 646/392/646 671/413/671 670/412/670
f 646/392/646 647/393/647 672/414/672 671/413/671
f 647/393/647 648/394/648 673/415/673 672/414/672
f 648/394/648 649/395/649 674/416/674 673/415/673
f 649/395/649 650/396/650 675/417/675 674/416/674
f 650/396/650 651/398/651 676/418/676 675/417/675
f 651/398/651 652/400/652 677/419/677 676/418/676
f 652/400/652 653/420/653 678/421/678 677/419/677
f 653/420/653 654/422/654 679/423/679 678/421/678
f 654/352/654 655/352/655 680/352/680 679/352/679
f 655/352/655 656/352/656 681/352/681 680/352/680
f 656/352/656 657/352/657 682/352/682 681/352/681
f 683/352/481 658/352/659 659/352/658
f 684/352/482 484/352/484 483/352/483
f 683/352/481 659/352/658 660/352/660
f 684/352/482 485/352/487 484/352/484
f 683/352/481 660/352/660 661/352/661
f 684/352/482 486/352/489 485/352/487
f 683/352/481 661/352/661 662/352/662
f 684/352/482 487/352/491 486/352/489
f 683/352/481 662/352/662 663/352/663
f 684/352/482 488/352/493 487/352/491
f 683/352/481 663/352/663 664/352/664
f 684/352/482 489/352/495 488/352/493
f 683/352/481 664/352/664 665/352/665
f 684/352/482 490/352/497 489/352/495
f 683/352/481 665/352/665 666/352/666
f 684/352/482 491/352/499 490/352/497
f 683/352/481 666/352/666 667/352/667
f 684/352/482 492/352/501 491/352/499
f 683/352/481 667/352/667 668/352/668
f 684/352/482 493/352/503 492/352/501
f 683/352/481 668/352/668 669/352/669
f 684/352/482 494/352/505 493/352/503
f 683/352/481 669/352/669 670/352/670
f 684/352/482 495/352/507 494/352/505
f 683/352/481 670/352/670 671/352/671
f 684/352/482 496/352/509 495/352/507
f 683/352/481 671/352/671 672/352/672
f 684/352/482 497/352/511 496/352/509
f 683/352/481 672/352/672 673/352/673
f 684/352/482 498/352/513 497/352/511
f 683/352/481 673/352/673 674/352/674
f 684/352/482 499/352/515 498/352/513
f 683/352/481 674/352/674 675/352/675
f 684/352/482 500/352/517 499/352/515
f 683/352/481 675/352/675 676/352/676
f 684/352/482 501/352/519 500/352/517
f 683/352/481 676/352/676 677/352/677
f 684/352/482 502/352/521 501/352/519
f 683/352/481 677/352/677 678/352/678
f 684/352/482 503/352/523 502/352/521
f 683/352/481 678/352/678 679/352/679
f 684/352/482 504/352/525 503/352/523
f 683/352/481 679/352/679 680/352/680
f 684/352/482 505/352/527 504/352/525
f 683/352/481 680/352/680 681/352/681
f 684/352/482 506/352/529 505/352/527
f 683/352/481 681/352/681 682/352/682
f 684/352/482 507/352/531 506/352/529
f 692/424/683 691/425/683 690/426/683 689/427/683
f 685/428/684 686/429/684 687/430/684 688/431/684
f 689/432/685 690/433/685 686/433/685 685/432/685
f 690/433/686 691/434/686 687/434/686 686/433/686
f 691/434/687 692/435/687 688/435/687 687/434/687
f 692/435/688 689/432/688 685/432/688 688/435/688
f 697/436/689 698/437/689 699/438/689 700/439/689
f 696/431/690 695/430/690 694/429/690 693/428/690
f 693/432/691 694/433/691 698/433/691 697/432/691
f 694/433/688 695/434/688 699/434/688 698/433/688
f 695/434/692 696/435/692 700/435/692 699/434/692
f 696/435/686 693/432/686 697/432/686 700/435/686
f 705/440/693 706/441/693 707/442/693 708/443/693
f 704/443/694 703/442/694 702/441/694 701/440/694
f 701/444/695 702/445/695 706/445/695 705/444/695
f 702/446/696 703/447/696 707/447/696 706/446/696
f 703/448/697 704/449/697 708/449/697 707/448/697
f 704/450/698 701/451/698 705/451/698 708/450/698
f 713/452/699 714/453/699 715/454/699 716/455/699
f 712/456/700 711/457/700 710/458/700 709/459/700
f 709/460/701 710/461/701 714/461/701 713/460/701
f 710/461/688 711/462/688 715/462/688 714/461/688
f 711/462/702 712/463/702 716/463/702 715/462/702
f 712/463/686 709/460/686 713/460/686 716/463/686
f 724/455/703 723/454/703 722/453/703 721/452/703
f 717/459/704 718/458/704 719/457/704 720/456/704
f 721/460/705 722/461/705 718/461/705 717/460/705
f 722/461/686 723/462/686 719/462/686 718/461/686
f 723/462/706 724/463/706 720/463/706 719/462/706
f 724/463/688 721/460/688 717/460/688 720/463/688
f 729/464/707 730/464/707 731/465/707 732/465/707
f 728/466/708 727/466/708 726/467/708 725/467/708
f 725/468/481 726/468/481 730/468/481 729/468/481
f 726/469/695 727/470/695 731/470/695 730/469/695
f 727/107/482 728/107/482 732/107/482 731/107/482
f 728/116/697 725/471/697 729/471/697 732/116/697
f 740/465/709 739/465/709 738/464/709 737/464/709
f 733/467/710 734/467/710 735/466/710 736/466/710
f 737/468/481 738/468/481 734/468/481 733/468/481
f 738/469/695 739/470/695 735/470/695 734/469/695
f 739/107/482 740/107/482 736/107/482 735/107/482
f 740/116/697 737/471/697 733/471/697 736/116/697
f 759/472/711 760/472/712 742/472/713 741/472/714
f 760/472/712 761/472/715 743/472/716 742/472/713
f 761/472/715 762/472/717 744/472/718 743/472/716
f 762/472/717 763/472/719 745/472/720 744/472/718
f 763/472/719 764/472/721 746/472/722 745/472/720
f 764/472/721 765/472/723 747/472/724 746/472/722
f 765/472/723 766/472/725 748/472/726 747/472/724
f 766/472/725 767/472/727 749/472/728 748/472/726
f 767/472/727 768/472/729 750/472/730 749/472/728
f 768/472/729 769/472/731 751/472/732 750/472/730
f 769/472/731 770/472/733 752/472/734 751/472/732
f 770/472/733 771/472/735 753/472/736 752/472/734
f 771/472/735 772/472/737 754/472/738 753/472/736
f 772/472/737 773/472/739 755/472/740 754/472/738
f 773/472/739 774/472/741 756/472/742 755/472/740
f 774/472/741 775/472/743 757/472/744 756/472/742
f 775/472/743 776/472/745 758/472/746 757/472/744
f 776/472/745 759/472/711 741/472/714 758/472/746
f 741/472/714 742/472/713 777/472/686
f 760/472/712 759/472/711 778/472/688
f 742/472/713 743/472/716 777/472/686
f 761/472/715 760/472/712 778/472/688
f 743/472/716 744/472/718 777/472/686
f 762/472/717 761/472/715 778/472/688
f 744/472/718 745/472/720 777/472/686
f 763/472/719 762/472/717 778/472/688
f 745/472/720 746/472/722 777/472/686
f 764/472/721 763/472/719 778/472/688
f 746/472/722 747/472/724 777/472/686
f 765/472/723 764/472/721 778/472/688
f 747/472/724 748/472/726 777/472/686
f 766/472/725 765/472/723 778/472/688
f 748/472/726 749/472/728 777/472/686
f 767/472/727 766/472/725 778/472/688
f 749/472/728 750/472/730 777/472/686
f 768/472/729 767/472/727 778/472/688
f 750/472/730 751/472/732 777/472/686
f 769/472/731 768/472/729 778/472/688
f 751/472/732 752/472/734 777/472/686
f 770/472/733 769/472/731 778/472/688
f 752/472/734 753/472/736 777/472/686
f 771/472/735 770/472/733 778/472/688
f 753/472/736 754/472/738 777/472/686
f 772/472/737 771/472/735 778/472/688
f 754/472/738 755/472/740 777/472/686
f 773/472/739 772/472/737 778/472/688
f 755/472/740 756/472/742 777/472/686
f 774/472/741 773/472/739 778/472/688
f 756/472/742 757/472/744 777/472/686
f 775/472/743 774/472/741 778/472/688
f 757/472/744 758/472/746 777/472/686
f 776/472/745 775/472/743 778/472/688
f 758/472/746 741/472/714 777/472/686
f 759/472/711 776/472/745 778/472/688
f 797/472/711 798/472/712 780/472/713 779/472/714
f 798/472/712 799/472/715 781/472/716 780/472/713
f 799/472/715 800/472/717 782/472/718 781/472/716
f 800/472/717 801/472/719 783/472/720 782/472/718
f 801/472/719 802/472/721 784/472/722 783/472/720
f 802/472/721 803/472/723 785/472/724 784/472/722
f 803/472/723 804/472/725 786/472/726 785/472/724
f 804/472/725 805/472/727 787/472/728 786/472/726
f 805/472/727 806/472/729 788/472/730 787/472/728
f 806/472/729 807/472/731 789/472/732 788/472/730
f 807/472/731 808/472/733 790/472/734 789/472/732
f 808/472/733 809/472/735 791/472/736 790/472/734
f 809/472/735 810/472/737 792/472/738 791/472/736
f 810/472/737 811/472/739 793/472/740 792/472/738
f 811/472/739 812/472/741 794/472/742 793/472/740
f 812/472/741 813/472/743 795/472/744 794/472/742
f 813/472/743 814/472/745 796/472/746 795/472/744
f 814/472/745 797/472/711 779/472/714 796/472/746
f 779/472/714 780/472/713 815/472/686
f 798/472/712 797/472/711 816/472/688
f 780/472/713 781/472/716 815/472/686
f 799/472/715 798/472/712 816/472/688
f 781/472/716 782/472/718 815/472/686
f 800/472/717 799/472/715 816/472/688
f 782/472/718 783/472/720 815/472/686
f 801/472/719 800/472/717 816/472/688
f 783/472/720 784/472/722 815/472/686
f 802/472/721 801/472/719 816/472/688
f 784/472/722 785/472/724 815/472/686
f 803/472/723 802/472/721 816/472/688
f 785/472/724 786/472/726 815/472/686
f 804/472/725 803/472/723 816/472/688
f 786/472/726 787/472/728 815/472/686
f 805/472/727 804/472/725 816/472/688
f 787/472/728 788/472/730 815/472/686
f 806/472/729 805/472/727 816/472/688
f 788/472/730 789/472/732 815/472/686
f 807/472/731 806/472/729 816/472/688
f 789/472/732 790/472/734 815/472/686
f 808/472/733 807/472/731 816/472/688
f 790/472/734 791/472/736 815/472/686
f 809/472/735 808/472/733 816/472/688
f 791/472/736 792/472/738 815/472/686
f 810/472/737 809/472/735 816/472/688
f 792/472/738 793/472/740 815/472/686
f 811/472/739 810/472/737 816/472/688
f 793/472/740 794/472/742 815/472/686
f 812/472/741 811/472/739 816/472/688
f 794/472/742 795/472/744 815/472/686
f 813/472/743 812/472/741 816/472/688
f 795/472/744 796/472/746 815/472/686
f 814/472/745 813/472/743 816/472/688
f 796/472/746 779/472/714 815/472/686
f 797/472/711 814/472/745 816/472/688
f 817/473/747 818/474/748 842/475/749 841/473/750
f 818/474/748 819/476/751 843/477/752 842/475/749
f 819/476/751 820/478/753 844/479/754 843/477/752
f 820/478/753 821/480/755 845/481/756 844/479/754
f 821/480/755 822/482/757 846/483/758 845/481/756
f 822/482/757 823/484/759 847/485/760 846/483/758
f 823/484/759 824/482/761 848/483/762 847/485/760
f 824/482/761 825/480/763 849/481/764 848/483/762
f 825/480/763 826/478/765 850/479/766 849/481/764
f 826/478/765 827/476/767 851/477/768 850/479/766
f 827/476/767 828/474/769 852/475/770 851/477/768
f 828/474/769 829/473/771 853/473/772 852/475/770
f 829/473/771 830/486/773 854/487/774 853/473/772
f 830/486/773 831/488/775 855/489/776 854/487/774
f 831/488/775 832/490/777 856/491/778 855/489/776
f 832/490/777 833/492/779 857/493/780 856/491/778
f 833/492/779 834/494/781 858/495/782 857/493/780
f 834/494/781 835/496/783 859/497/784 858/495/782
f 835/496/783 836/494/785 860/495/786 859/497/784
f 836/494/785 837/492/787 861/493/788 860/495/786
f 837/492/787 838/490/789 862/491/790 861/493/788
f 838/490/789 839/488/791 863/489/792 862/491/790
f 839/488/791 840/486/793 864/487/794 863/489/792
f 840/486/793 817/473/747 841/473/750 864/487/794
f 841/473/750 842/475/749 866/498/795 865/473/796
f 842/475/749 843/477/752 867/499/797 866/498/795
f 843/477/752 844/479/754 868/500/798 867/499/797
f 844/479/754 845/481/756 869/501/799 868/500/798
f 845/481/756 846/483/758 870/502/800 869/501/799
f 846/483/758 847/485/760 871/503/801 870/502/800
f 847/485/760 848/483/762 872/502/802 871/503/801
f 848/483/762 849/481/764 873/501/803 872/502/802
f 849/481/764 850/479/766 874/500/804 873/501/803
f 850/479/766 851/477/768 875/499/805 874/500/804
f 851/477/768 852/475/770 876/498/806 875/499/805
f 852/475/770 853/473/772 877/473/807 876/498/806
f 853/473/772 854/487/774 878/504/808 877/473/807
f 854/487/774 855/489/776 879/505/809 878/504/808
f 855/489/776 856/491/778 880/506/810 879/505/809
f 856/491/778 857/493/780 881/507/811 880/506/810
f 857/493/780 858/495/782 882/508/812 881/507/811
f 858/495/782 859/497/784 883/509/813 882/508/812
f 859/497/784 860/495/786 884/508/814 883/509/813
f 860/495/786 861/493/788 885/507/815 884/508/814
f 861/493/788 862/491/790 886/506/816 885/507/815
f 862/491/790 863/489/792 887/505/817 886/506/816
f 863/489/792 864/487/794 888/504/818 887/505/817
f 864/487/794 841/473/750 865/473/796 888/504/818
f 865/473/796 866/498/795 890/510/819 889/473/820
f 866/498/795 867/499/797 891/511/821 890/510/819
f 867/499/797 868/500/798 892/512/822 891/511/821
f 868/500/798 869/501/799 893/513/823 892/512/822
f 869/501/799 870/502/800 894/514/824 893/513/823
f 870/502/800 871/503/801 895/515/825 894/514/824
f 871/503/801 872/502/802 896/514/826 895/515/825
f 872/502/802 873/501/803 897/513/827 896/514/826
f 873/501/803 874/500/804 898/512/828 897/513/827
f 874/500/804 875/499/805 899/511/829 898/512/828
f 875/499/805 876/498/806 900/510/830 899/511/829
f 876/498/806 877/473/807 901/473/831 900/510/830
f 877/473/807 878/504/808 902/516/832 901/473/831
f 878/504/808 879/505/809 903/517/833 902/516/832
f 879/505/809 880/506/810 904/518/834 903/517/833
f 880/506/810 881/507/811 905/519/835 904/518/834
f 881/507/811 882/508/812 906/520/836 905/519/835
f 882/508/812 883/509/813 907/521/837 906/520/836
f 883/509/813 884/508/814 908/520/838 907/521/837
f 884/508/814 885/507/815 909/519/839 908/520/838
f 885/507/815 886/506/816 910/518/840 909/519/839
f 886/506/816 887/505/817 911/517/841 910/518/840
f 887/505/817 888/504/818 912/516/842 911/517/841
f 888/504/818 865/473/796 889/473/820 912/516/842
f 889/468/820 890/522/819 914/523/843 913/524/844
f 890/522/819 891/525/821 915/526/845 914/523/843
f 891/525/821 892/527/822 916/528/846 915/526/845
f 892/527/822 893/529/823 917/530/847 916/528/846
f 893/529/823 894/531/824 918/532/848 917/530/847
f 894/531/824 895/533/825 919/534/849 918/532/848
f 895/533/825 896/531/826 920/532/850 919/534/849
f 896/531/826 897/529/827 921/530/851 920/532/850
f 897/529/827 898/527/828 922/528/852 921/530/851
f 898/527/828 899/525/829 923/526/853 922/528/852
f 899/525/829 900/522/830 924/523/854 923/526/853
f 900/522/830 901/468/831 925/524/855 924/523/854
f 901/468/831 902/535/832 926/536/856 925/524/855
f 902/535/832 903/537/833 927/538/857 926/536/856
f 903/537/833 904/539/834 928/540/858 927/538/857
f 904/539/834 905/541/835 929/542/859 928/540/858
f 905/541/835 906/543/836 930/544/860 929/542/859
f 906/543/836 907/545/837 931/546/861 930/544/860
f 907/545/837 908/543/838 932/544/862 931/546/861
f 908/543/838 909/541/839 933/542/863 932/544/862
f 909/541/839 910/539/840 934/540/864 933/542/863
f 910/539/840 911/537/841 935/538/865 934/540/864
f 911/537/841 912/535/842 936/536/866 935/538/865
f 912/535/842 889/468/820 913/524/844 936/536/866
f 913/524/844 914/523/843 938/547/867 937/548/868
f 914/523/843 915/526/845 939/549/869 938/547/867
f 915/526/845 916/528/846 940/550/870 939/549/869
f 916/528/846 917/530/847 941/551/871 940/550/870
f 917/530/847 918/532/848 942/552/872 941/551/871
f 918/532/848 919/534/849 943/553/873 942/552/872
f 919/534/849 920/532/850 944/552/874 943/553/873
f 920/532/850 921/530/851 945/551/875 944/552/874
f 921/530/851 922/528/852 946/550/876 945/551/875
f 922/528/852 923/526/853 947/549/877 946/550/876
f 923/526/853 924/523/854 948/547/878 947/549/877
f 924/523/854 925/524/855 949/548/879 948/547/878
f 925/524/855 926/536/856 950/554/880 949/548/879
f 926/536/856 927/538/857 951/555/881 950/554/880
f 927/538/857 928/540/858 952/556/882 951/555/881
f 928/540/858 929/542/859 953/557/883 952/556/882
f 929/542/859 930/544/860 954/558/884 953/557/883
f 930/544/860 931/546/861 955/559/885 954/558/884
f 931/546/861 932/544/862 956/558/886 955/559/885
f 932/544/862 933/542/863 957/557/887 956/558/886
f 933/542/863 934/540/864 958/556/888 957/557/887
f 934/540/864 935/538/865 959/555/889 958/556/888
f 935/538/865 936/536/866 960/554/890 959/555/889
f 936/536/866 913/524/844 937/548/868 960/554/890
f 937/548/868 938/547/867 962/560/891 961/561/892
f 938/547/867 939/549/869 963/562/893 962/560/891
f 939/549/869 940/550/870 964/563/894 963/562/893
f 940/550/870 941/551/871 965/564/895 964/563/894
f 941/551/871 942/552/872 966/565/896 965/564/895
f 942/552/872 943/553/873 967/566/897 966/565/896
f 943/553/873 944/552/874 968/565/898 967/566/897
f 944/552/874 945/551/875 969/564/899 968/565/898
f 945/551/875 946/550/876 970/563/900 969/564/899
f 946/550/876 947/549/877 971/562/901 970/563/900
f 947/549/877 948/547/878 972/560/902 971/562/901
f 948/547/878 949/548/879 973/561/903 972/560/902
f 949/548/879 950/554/880 974/567/904 973/561/903
f 950/554/880 951/555/881 975/568/905 974/567/904
f 951/555/881 952/556/882 976/569/906 975/568/905
f 952/556/882 953/557/883 977/570/907 976/569/906
f 953/557/883 954/558/884 978/571/908 977/570/907
f 954/558/884 955/559/885 979/572/909 978/571/908
f 955/559/885 956/558/886 980/571/910 979/572/909
f 956/558/886 957/557/887 981/570/911 980/571/910
f 957/557/887 958/556/888 982/569/912 981/570/911
f 958/556/888 959/555/889 983/568/913 982/569/912
f 959/555/889 960/554/890 984/567/914 983/568/913
f 960/554/890 937/548/868 961/561/892 984/567/914
f 961/561/892 962/560/891 985/573/481
f 818/574/748 817/574/747 986/574/482
f 962/560/891 963/562/893 985/573/481
f 819/574/751 818/574/748 986/574/482
f 963/562/893 964/563/894 985/573/481
f 820/574/753 819/574/751 986/574/482
f 964/563/894 965/564/895 985/573/481
f 821/574/755 820/574/753 986/574/482
f 965/564/895 966/565/896 985/573/481
f 822/574/757 821/574/755 986/574/482
f 966/565/896 967/566/897 985/573/481
f 823/574/759 822/574/757 986/574/482
f 967/566/897 968/565/898 985/573/481
f 824/574/761 823/574/759 986/574/482
f 968/565/898 969/564/899 985/573/481
f 825/574/763 824/574/761 986/574/482
f 969/564/899 970/563/900 985/573/481
f 826/574/765 825/574/763 986/574/482
f 970/563/900 971/562/901 985/573/481
f 827/574/767 826/574/765 986/574/482
f 971/562/901 972/560/902 985/573/481
f 828/574/769 827/574/767 986/574/482
f 972/560/902 973/561/903 985/573/481
f 829/574/771 828/574/769 986/574/482
f 973/561/903 974/567/904 985/573/481
f 830/574/773 829/574/771 986/574/482
f 974/567/904 975/568/905 985/573/481
f 831/574/775 830/574/773 986/574/482
f 975/568/905 976/569/906 985/573/481
f 832/574/777 831/574/775 986/574/482
f 976/569/906 977/570/907 985/573/481
f 833/574/779 832/574/777 986/574/482
f 977/570/907 978/571/908 985/573/481
f 834/574/781 833/574/779 986/574/482
f 978/571/908 979/572/909 985/573/481
f 835/574/783 834/574/781 986/574/482
f 979/572/909 980/571/910 985/573/481
f 836/574/785 835/574/783 986/574/482
f 980/571/910 981/570/911 985/573/481
f 837/574/787 836/574/785 986/574/482
f 981/570/911 982/569/912 985/573/481
f 838/574/789 837/574/787 986/574/482
f 982/569/912 983/568/913 985/573/481
f 839/574/791 838/574/789 986/574/482
f 983/568/913 984/567/914 985/573/481
f 840/574/793 839/574/791 986/574/482
f 984/567/914 961/561/892 985/573/481
f 817/574/747 840/574/793 986/574/482
f 987/473/747 988/474/748 1012/475/749 1011/473/750
f 988/474/748 989/476/751 1013/477/752 1012/475/749
f 989/476/751 990/478/753 1014/479/915 1013/477/752
f 990/478/753 991/480/755 1015/481/756 1014/479/915
f 991/480/755 992/482/757 1016/483/758 1015/481/756
f 992/482/757 993/484/759 1017/485/760 1016/483/758
f 993/484/759 994/482/761 1018/483/762 1017/485/760
f 994/482/761 995/480/763 1019/481/764 1018/483/762
f 995/480/763 996/478/765 1020/479/766 1019/481/764
f 996/478/765 997/476/767 1021/477/768 1020/479/766
f 997/476/767 998/474/769 1022/475/770 1021/477/768
f 998/474/769 999/473/771 1023/473/772 1022/475/770
f 999/473/771 1000/486/773 1024/487/916 1023/473/772
f 1000/486/773 1001/488/775 1025/489/776 1024/487/916
f 1001/488/775 1002/490/777 1026/491/778 1025/489/776
f 1002/490/777 1003/492/779 1027/493/780 1026/491/778
f 1003/492/779 1004/494/781 1028/495/782 1027/493/780
f 1004/494/781 1005/496/783 1029/497/784 1028/495/782
f 1005/496/783 1006/494/785 1030/495/786 1029/497/784
f 1006/494/785 1007/492/787 1031/493/788 1030/495/786
f 1007/492/787 1008/490/789 1032/491/790 1031/493/788
f 1008/490/789 1009/488/791 1033/489/792 1032/491/790
f 1009/488/791 1010/486/793 1034/487/917 1033/489/792
f 1010/486/793 987/473/747 1011/473/750 1034/487/917
f 1011/473/750 1012/475/749 1036/498/795 1035/473/796
f 1012/475/749 1013/477/752 1037/499/797 1036/498/795
f 1013/477/752 1014/479/915 1038/500/798 1037/499/797
f 1014/479/915 1015/481/756 1039/501/799 1038/500/798
f 1015/481/756 1016/483/758 1040/502/800 1039/501/799
f 1016/483/758 1017/485/760 1041/503/801 1040/502/800
f 1017/485/760 1018/483/762 1042/502/802 1041/503/801
f 1018/483/762 1019/481/764 1043/501/803 1042/502/802
f 1019/481/764 1020/479/766 1044/500/804 1043/501/803
f 1020/479/766 1021/477/768 1045/499/805 1044/500/804
f 1021/477/768 1022/475/770 1046/498/806 1045/499/805
f 1022/475/770 1023/473/772 1047/473/807 1046/498/806
f 1023/473/772 1024/487/916 1048/504/808 1047/473/807
f 1024/487/916 1025/489/776 1049/505/809 1048/504/808
f 1025/489/776 1026/491/778 1050/506/810 1049/505/809
f 1026/491/778 1027/493/780 1051/507/811 1050/506/810
f 1027/493/780 1028/495/782 1052/508/812 1051/507/811
f 1028/495/782 1029/497/784 1053/509/813 1052/508/812
f 1029/497/784 1030/495/786 1054/508/814 1053/509/813
f 1030/495/786 1031/493/788 1055/507/815 1054/508/814
f 1031/493/788 1032/491/790 1056/506/816 1055/507/815
f 1032/491/790 1033/489/792 1057/505/817 1056/506/816
f 1033/489/792 1034/487/917 1058/504/818 1057/505/817
f 1034/487/917 1011/473/750 1035/473/796 1058/504/818
f 1035/473/796 1036/498/795 1060/510/918 1059/473/820
f 1036/498/795 1037/499/797 1061/511/821 1060/510/918
f 1037/499/797 1038/500/798 1062/512/822 1061/511/821
f 1038/500/798 1039/501/799 1063/513/919 1062/512/822
f 1039/501/799 1040/502/800 1064/514/824 1063/513/919
f 1040/502/800 1041/503/801 1065/515/825 1064/514/824
f 1041/503/801 1042/502/802 1066/514/826 1065/515/825
f 1042/502/802 1043/501/803 1067/513/920 1066/514/826
f 1043/501/803 1044/500/804 1068/512/828 1067/513/920
f 1044/500/804 1045/499/805 1069/511/921 1068/512/828
f 1045/499/805 1046/498/806 1070/510/922 1069/511/921
f 1046/498/806 1047/473/807 1071/473/831 1070/510/922
f 1047/473/807 1048/504/808 1072/516/832 1071/473/831
f 1048/504/808 1049/505/809 1073/517/923 1072/516/832
f 1049/505/809 1050/506/810 1074/518/834 1073/517/923
f 1050/506/810 1051/507/811 1075/519/924 1074/518/834
f 1051/507/811 1052/508/812 1076/520/836 1075/519/924
f 1052/508/812 1053/509/813 1077/521/837 1076/520/836
f 1053/509/813 1054/508/814 1078/520/838 1077/521/837
f 1054/508/814 1055/507/815 1079/519/839 1078/520/838
f 1055/507/815 1056/506/816 1080/518/925 1079/519/839
f 1056/506/816 1057/505/817 1081/517/841 1080/518/925
f 1057/505/817 1058/504/818 1082/516/842 1081/517/841
f 1058/504/818 1035/473/796 1059/473/820 1082/516/842
f 1059/468/820 1060/522/918 1084/523/926 1083/524/844
f 1060/522/918 1061/525/821 1085/526/845 1084/523/926
f 1061/525/821 1062/527/822 1086/528/846 1085/526/845
f 1062/527/822 1063/529/919 1087/530/847 1086/528/846
f 1063/529/919 1064/531/824 1088/532/848 1087/530/847
f 1064/531/824 1065/533/825 1089/534/849 1088/532/848
f 1065/533/825 1066/531/826 1090/532/850 1089/534/849
f 1066/531/826 1067/529/920 1091/530/851 1090/532/850
f 1067/529/920 1068/527/828 1092/528/852 1091/530/851
f 1068/527/828 1069/525/921 1093/526/853 1092/528/852
f 1069/525/921 1070/522/922 1094/523/854 1093/526/853
f 1070/522/922 1071/468/831 1095/524/855 1094/523/854
f 1071/468/831 1072/535/832 1096/536/856 1095/524/855
f 1072/535/832 1073/537/923 1097/538/857 1096/536/856
f 1073/537/923 1074/539/834 1098/540/858 1097/538/857
f 1074/539/834 1075/541/924 1099/542/859 1098/540/858
f 1075/541/924 1076/543/836 1100/544/927 1099/542/859
f 1076/543/836 1077/545/837 1101/546/861 1100/544/927
f 1077/545/837 1078/543/838 1102/544/928 1101/546/861
f 1078/543/838 1079/541/839 1103/542/863 1102/544/928
f 1079/541/839 1080/539/925 1104/540/864 1103/542/863
f 1080/539/925 1081/537/841 1105/538/865 1104/540/864
f 1081/537/841 1082/535/842 1106/536/866 1105/538/865
f 1082/535/842 1059/468/820 1083/524/844 1106/536/866
f 1083/524/844 1084/523/926 1108/547/867 1107/548/868
f 1084/523/926 1085/526/845 1109/549/869 1108/547/867
f 1085/526/845 1086/528/846 1110/550/870 1109/549/869
f 1086/528/846 1087/530/847 1111/551/871 1110/550/870
f 1087/530/847 1088/532/848 1112/552/872 1111/551/871
f 1088/532/848 1089/534/849 1113/553/873 1112/552/872
f 1089/534/849 1090/532/850 1114/552/874 1113/553/873
f 1090/532/850 1091/530/851 1115/551/875 1114/552/874
f 1091/530/851 1092/528/852 1116/550/876 1115/551/875
f 1092/528/852 1093/526/853 1117/549/877 1116/550/876
f 1093/526/853 1094/523/854 1118/547/878 1117/549/877
f 1094/523/854 1095/524/855 1119/548/879 1118/547/878
f 1095/524/855 1096/536/856 1120/554/880 1119/548/879
f 1096/536/856 1097/538/857 1121/555/881 1120/554/880
f 1097/538/857 1098/540/858 1122/556/882 1121/555/881
f 1098/540/858 1099/542/859 1123/557/883 1122/556/882
f 1099/542/859 1100/544/927 1124/558/884 1123/557/883
f 1100/544/927 1101/546/861 1125/559/885 1124/558/884
f 1101/546/861 1102/544/928 1126/558/886 1125/559/885
f 1102/544/928 1103/542/863 1127/557/887 1126/558/886
f 1103/542/863 1104/540/864 1128/556/888 1127/557/887
f 1104/540/864 1105/538/865 1129/555/889 1128/556/888
f 1105/538/865 1106/536/866 1130/554/890 1129/555/889
f 1106/536/866 1083/524/844 1107/548/868 1130/554/890
f 1107/548/868 1108/547/867 1132/560/891 1131/561/892
f 1108/547/867 1109/549/869 1133/562/893 1132/560/891
f 1109/549/869 1110/550/870 1134/563/894 1133/562/893
f 1110/550/870 1111/551/871 1135/564/895 1134/563/894
f 1111/551/871 1112/552/872 1136/565/896 1135/564/895
f 1112/552/872 1113/553/873 1137/566/897 1136/565/896
f 1113/553/873 1114/552/874 1138/565/898 1137/566/897
f 1114/552/874 1115/551/875 1139/564/899 1138/565/898
f 1115/551/875 1116/550/876 1140/563/900 1139/564/899
f 1116/550/876 1117/549/877 1141/562/901 1140/563/900
f 1117/549/877 1118/547/878 1142/560/902 1141/562/901
f 1118/547/878 1119/548/879 1143/561/903 1142/560/902
f 1119/548/879 1120/554/880 1144/567/904 1143/561/903
f 1120/554/880 1121/555/881 1145/568/905 1144/567/904
f 1121/555/881 1122/556/882 1146/569/906 1145/568/905
f 1122/556/882 1123/557/883 1147/570/907 1146/569/906
f 1123/557/883 1124/558/884 1148/571/908 1147/570/907
f 1124/558/884 1125/559/885 1149/572/909 1148/571/908
f 1125/559/885 1126/558/886 1150/571/910 1149/572/909
f 1126/558/886 1127/557/887 1151/570/911 1150/571/910
f 1127/557/887 1128/556/888 1152/569/912 1151/570/911
f 1128/556/888 1129/555/889 1153/568/913 1152/569/912
f 1129/555/889 1130/554/890 1154/567/914 1153/568/913
f 1130/554/890 1107/548/868 1131/561/892 1154/567/914
f 1131/561/892 1132/560/891 1155/573/481
f 988/574/748 987/574/747 1156/574/482
f 1132/560/891 1133/562/893 1155/573/481
f 989/574/751 988/574/748 1156/574/482
f 1133/562/893 1134/563/894 1155/573/481
f 990/574/753 989/574/751 1156/574/482
f 1134/563/894 1135/564/895 1155/573/481
f 991/574/755 990/574/753 1156/574/482
f 1135/564/895 1136/565/896 1155/573/481
f 992/574/757 991/574/755 1156/574/482
f 1136/565/896 1137/566/897 1155/573/481
f 993/574/759 992/574/757 1156/574/482
f 1137/566/897 1138/565/898 1155/573/481
f 994/574/761 993/574/759 1156/574/482
f 1138/565/898 1139/564/899 1155/573/481
f 995/574/763 994/574/761 1156/574/482
f 1139/564/899 1140/563/900 1155/573/481
f 996/574/765 995/574/763 1156/574/482
f 1140/563/900 1141/562/901 1155/573/481
f 997/574/767 996/574/765 1156/574/482
f 1141/562/901 1142/560/902 1155/573/481
f 998/574/769 997/574/767 1156/574/482
f 1142/560/902 1143/561/903 1155/573/481
f 999/574/771 998/574/769 1156/574/482
f 1143/561/903 1144/567/904 1155/573/481
f 1000/574/773 999/574/771 1156/574/482
f 1144/567/904 1145/568/905 1155/573/481
f 1001/574/775 1000/574/773 1156/574/482
f 1145/568/905 1146/569/906 1155/573/481
f 1002/574/777 1001/574/775 1156/574/482
f 1146/569/906 1147/570/907 1155/573/481
f 1003/574/779 1002/574/777 1156/574/482
f 1147/570/907 1148/571/908 1155/573/481
f 1004/574/781 1003/574/779 1156/574/482
f 1148/571/908 1149/572/909 1155/573/481
f 1005/574/783 1004/574/781 1156/574/482
f 1149/572/909 1150/571/910 1155/573/481
f 1006/574/785 1005/574/783 1156/574/482
f 1150/571/910 1151/570/911 1155/573/481
f 1007/574/787 1006/574/785 1156/574/482
f 1151/570/911 1152/569/912 1155/573/481
f 1008/574/789 1007/574/787 1156/574/482
f 1152/569/912 1153/568/913 1155/573/481
f 1009/574/791 1008/574/789 1156/574/482
f 1153/568/913 1154/567/914 1155/573/481
f 1010/574/793 1009/574/791 1156/574/482
f 1154/567/914 1131/561/892 1155/573/481
f 987/574/747 1010/574/793 1156/574/482
